"ID","Player","Team","Position","Rookie","RkOv","Status","Age","Opponent","Salary","Contract","Score","FG%","3PTM","FT%","PTS","REB","AST","ST","BLK","TO"
"*04ewt*","Derrick White","BOS","PG,SG,G","","2","FA","32","@DET Tue 12:00PM","1,000,000","MIN","98.93",".394","2.7",".902","16.5","4.4","5.4","1.1","1.3","1.7"
"*04ewf*","Bam Adebayo","MIA","PF,F,C","","7","FA","29","","1,000,000","MIN","95.86",".442","1.7",".778","20.1","10.0","3.2","1.2","0.7","1.6"
"*04qrn*","Mikal Bridges","NY","SG,G,SF,PF,F","","12","FA","30","PHI Tue 4:00PM","1,000,000","MIN","94.09",".490","1.9",".827","14.4","3.8","3.7","1.3","0.8","1.0"
"*04ewe*","Donovan Mitchell","CLE","PG,SG,G","","16","FA","29","","1,000,000","MIN","92.6",".483","3.2",".865","27.9","4.5","5.7","1.5","0.3","2.8"
"*06212*","Jabari Smith","HOU","SF,PF,F,C","","19","FA","23","","1,000,000","MIN","92.09",".450","2.3",".775","15.8","6.9","1.9","0.7","0.9","1.4"
"*01eo6*","James Harden","CLE","PG,SG,G","","25","FA","37","","1,000,000","MIN","90.98",".434","3.1",".884","23.6","4.8","8.0","1.1","0.4","3.5"
"*06211*","Chet Holmgren","OKC","PF,F,C","","37","FA","24","@SA Tue 6:30PM","1,000,000","MIN","88.51",".557","1.3",".792","17.1","8.9","1.7","0.6","1.9","1.6"
"*04qru*","Donte DiVincenzo","MIN","PG,SG,G","","42","FA","29","","1,000,000","MIN","88.15",".406","3.0",".743","12.2","4.1","3.8","1.3","0.4","1.4"
"*04qrp*","Miles Bridges","PHO","SF,PF,F","","43","FA","28","","1,000,000","MIN","87.65",".460","1.9",".822","17.1","5.8","3.2","0.6","0.4","1.4"
"*031lx*","CJ McCollum","ATL","PG,SG,G","","50","FA","34","","1,000,000","MIN","86.47",".455","2.5",".772","18.7","3.3","3.9","0.8","0.5","1.8"
"*05qt0*","Saddiq Bey","NO","SF,PF,F","","51","FA","27","","1,000,000","MIN","86.3",".451","2.1",".841","17.7","5.6","2.5","0.9","0.1","0.9"
"*03ad2*","Myles Turner","MIL","C","","52","FA","30","","1,000,000","MIN","86.16",".440","2.1",".740","11.9","5.3","1.5","0.7","1.6","1.2"
"*06210*","Paolo Banchero","ORL","PF,F","","53","FA","23","","1,000,000","MIN","85.61",".459","1.2",".775","22.2","8.4","5.2","0.7","0.6","3.1"
"*04qsa*","Jalen Brunson","NY","PG,G","","57","FA","30","PHI Tue 4:00PM","1,000,000","MIN","84.97",".467","2.6",".841","26.0","3.3","6.8","0.8","0.1","2.4"
"*05qt1*","Payton Pritchard","BOS","PG,G","","58","FA","28","@DET Tue 12:00PM","1,000,000","MIN","84.92",".464","2.7",".890","17.0","3.9","5.2","0.7","0.1","1.4"
"*05ujs*","Sandro Mamukelashvili","LAL","PF,F,C","","62","FA","27","","1,000,000","MIN","83.23",".523","1.4",".747","11.2","4.9","1.9","0.8","0.5","0.8"
"*05uup*","Jay Huff","IND","C","","68","FA","29","","1,000,000","MIN","81.98",".476","1.5",".828","9.5","4.0","1.5","0.5","1.9","0.9"
"*027p0*","Nikola Vucevic","ORL","C","","70","FA","35","","1,000,000","MIN","81.56",".493","1.6",".828","15.1","8.4","3.3","0.6","0.6","1.3"
"*0621c*","Jalen Duren","DET","C","","74","FA","22","BOS Tue 12:00PM","1,000,000","MIN","80.48",".650","0.0",".747","19.5","10.5","2.0","0.8","0.8","1.9"
"*03nwm*","Devin Booker","PHO","PG,SG,G,SF,F","","75","FA","29","","1,000,000","MIN","80.34",".456","1.9",".873","26.1","3.9","6.0","0.8","0.3","3.1"
"*05ujd*","Neemias Queta","BOS","C","","77","FA","27","@DET Tue 12:00PM","1,000,000","MIN","80.31",".653","0.0",".703","10.2","8.4","1.7","0.8","1.3","1.0"
"*06217*","Dyson Daniels","ATL","PG,SG,G,SF,F","","79","FA","23","","1,000,000","MIN","80.11",".517","0.3",".615","11.9","6.8","5.9","2.0","0.4","1.8"
"*005kc*","Russell Westbrook","(N/A)","PG,SG,G","","83","FA","37","","1,000,000","MIN","78.88",".427","2.0",".694","15.2","5.4","6.7","1.3","0.2","3.3"
"*04jwd*","Royce O'Neale","CHA","SF,PF,F","","86","FA","33","","1,000,000","MIN","78.6",".421","2.7",".711","9.8","4.8","2.7","1.1","0.4","1.3"
"*0621i*","Jake LaRavia","LAL","PF,F","","88","FA","24","","1,000,000","MIN","78.51",".459","1.0",".763","8.2","4.0","1.8","1.3","0.5","1.1"
"*03r7z*","Norman Powell","CHI","SG,G,SF,F","","89","FA","33","","1,000,000","MIN","78.13",".470","2.7",".827","21.7","3.5","2.5","1.1","0.2","1.9"
"*04qrj*","Jaren Jackson","UTA","PF,F,C","","90","FA","26","","1,000,000","MIN","77.94",".476","1.8",".803","19.4","5.7","2.0","1.1","1.4","2.2"
"*031mb*","Tim Hardaway","MIA","SG,G,SF,F","","96","FA","34","","1,000,000","MIN","77.34",".447","2.8",".811","13.5","2.6","1.4","0.5","0.1","0.5"
"*04ewk*","John Collins","DET","SF,PF,F,C","","97","FA","28","BOS Tue 12:00PM","1,000,000","MIN","77.31",".552","1.3",".766","13.6","5.3","1.0","0.9","0.7","1.4"
"*04s00*","Duncan Robinson","DET","SG,G,SF,F","","100","FA","32","BOS Tue 12:00PM","1,000,000","MIN","77.04",".456","2.9",".755","12.2","2.7","2.1","0.6","0.3","0.7"
"*027p4*","Tobias Harris","SA","PF,F","","101","FA","34","OKC Tue 6:30PM","1,000,000","MIN","76.98",".469","1.3",".866","13.3","5.1","2.5","0.9","0.4","1.0"
"*0621y*","Max Christie","DAL","SG,G,SF,F","","102","FA","23","","1,000,000","MIN","76.8",".441","2.3",".899","12.3","3.2","2.0","0.6","0.4","1.2"
"*06226*","Moussa Diabate","CHA","C","","111","FA","24","","1,000,000","MIN","75.58",".631","0.0",".659","7.9","8.7","1.9","0.8","1.0","1.0"
"*005ki*","Brook Lopez","LAC","C","","113","FA","38","","1,000,000","MIN","75.11",".428","1.5",".757","8.5","3.6","1.3","0.6","1.2","0.8"
"*04qry*","Grayson Allen","CHA","PG,SG,G,SF,F","","114","FA","30","","1,000,000","MIN","75.07",".403","3.1",".857","16.5","3.0","3.8","1.4","0.3","1.6"
"*06mlz*","Cam Spencer","MEM","PG,SG,G","","116","FA","26","","1,000,000","MIN","74.62",".473","2.0",".940","11.1","2.5","5.6","0.7","0.2","1.3"
"*05qtm*","Precious Achiuwa","SAC","PF,F,C","","118","FA","26","","1,000,000","MIN","74.52",".528","0.4",".554","10.1","6.7","1.4","0.9","0.7","0.9"
"*04ewm*","Jarrett Allen","CLE","C","","119","FA","28","","1,000,000","MIN","74.48",".638","0.0",".709","15.4","8.5","1.8","1.0","0.8","1.3"
"*0621t*","Peyton Watson","CLE","SG,G,SF,PF,F","","121","FA","23","","1,000,000","MIN","74.08",".491","1.5",".730","14.6","4.9","2.1","0.9","1.1","1.7"
"*02nf7*","Harrison Barnes","SA","SF,PF,F","","130","FA","34","OKC Tue 6:30PM","1,000,000","MIN","72.48",".456","1.8",".829","9.9","2.8","1.9","0.6","0.2","0.8"
"*049kd*","Deandre Ayton","WAS","C","","133","FA","28","","1,000,000","MIN","72.31",".671","0.0",".645","12.5","8.0","0.8","0.6","1.0","1.2"
"*05uio*","Moses Moody","GS","SG,G,SF,F","","135","FA","24","","1,000,000","MIN","72.03",".440","2.5",".770","12.1","3.3","1.6","1.0","0.6","0.9"
"*05uuq*","Jock Landale","ATL","C","","136","FA","30","","1,000,000","MIN","71.71",".515","1.1",".635","10.6","5.7","1.7","0.5","0.5","0.9"
"*05ux3*","Jordan Goodwin","PHO","PG,SG,G","","137","FA","27","","1,000,000","MIN","71.56",".413","1.6",".696","8.7","4.9","2.2","1.5","0.2","1.0"
"*02nfz*","Draymond Green","GS","PF,F,C","","138","FA","36","","1,000,000","MIN","71.55",".418","1.5",".702","8.4","5.5","5.5","0.9","0.6","2.7"
"*0621e*","Mark Williams","PHO","C","","141","FA","24","","1,000,000","MIN","71.4",".644","0.0",".771","11.7","8.0","1.0","0.9","0.9","1.1"
"*042n2*","Kris Dunn","LAC","PG,SG,G","","143","FA","32","","1,000,000","MIN","71.27",".476","1.0",".765","7.3","3.3","3.6","1.6","0.2","1.4"
"*04qrw*","Kevin Huerter","DET","SG,G,SF,F","","144","FA","28","BOS Tue 12:00PM","1,000,000","MIN","71.06",".451","1.4",".775","10.0","3.5","2.6","0.9","0.5","1.0"
"*031m2*","Giannis Antetokounmpo","MIA","PF,F,C","","146","FA","31","","1,000,000","MIN","70.64",".624","0.4",".650","27.6","9.8","5.4","0.9","0.7","3.2"
"*04qsj*","Bruce Brown","(N/A)","PG,SG,G","","148","FA","30","","1,000,000","MIN","70.44",".475","0.7",".762","7.9","3.9","2.1","1.0","0.2","1.1"
"*05uug*","Sam Hauser","BOS","SF,PF,F","","151","FA","28","@DET Tue 12:00PM","1,000,000","MIN","70.07",".419","2.5",".850","9.2","3.8","1.5","0.5","0.3","0.4"
"*05uud*","Justin Champagnie","WAS","SF,PF,F","","152","FA","25","","1,000,000","MIN","69.82",".502","0.8",".784","8.7","5.6","1.2","0.9","0.6","0.7"
"*0558v*","Javonte Green","DET","SG,G,SF,F","","153","FA","33","BOS Tue 12:00PM","1,000,000","MIN","69.67",".447","1.1",".840","6.9","2.8","0.7","1.2","0.3","0.5"
"*0621g*","Tari Eason","HOU","SF,PF,F","","154","FA","25","","1,000,000","MIN","69.53",".416","1.6",".776","10.4","6.3","1.5","1.2","0.5","1.4"
"*06216*","Shaedon Sharpe","POR","SG,G,SF,F","","155","FA","23","","1,000,000","MIN","69.46",".452","2.1",".787","20.8","4.3","2.6","1.4","0.1","2.9"
"*06215*","Bennedict Mathurin","NO","SG,G,SF,F","","156","FA","24","","1,000,000","MIN","69.4",".430","1.4",".869","17.6","5.4","2.4","0.8","0.2","2.2"
"*03al1*","Marcus Smart","HOU","PG,SG,G","","159","FA","32","","1,000,000","MIN","69.18",".395","1.6",".822","9.3","2.8","3.0","1.4","0.4","1.5"
"*05y9y*","Brandon Williams","GS","PG,G","","161","FA","26","","1,000,000","MIN","69.01",".472","0.5",".793","13.0","2.9","3.9","0.9","0.3","1.9"
"*04jwb*","Luke Kornet","SA","C","","164","FA","31","OKC Tue 6:30PM","1,000,000","MIN","68.64",".643","0.0",".825","6.5","6.1","1.9","0.5","1.0","0.4"
"*031m4*","Dennis Schroder","CHA","PG,SG,G","","167","FA","32","","1,000,000","MIN","68.23",".405","1.1",".834","10.8","2.7","4.9","0.8","0.2","1.8"
"*0621x*","Jaylin Williams","OKC","PF,F,C","","168","FA","24","@SA Tue 6:30PM","1,000,000","MIN","67.81",".423","1.5",".793","7.2","5.5","2.4","0.5","0.6","1.0"
"*0622i*","Gui Santos","GS","SF,PF,F","","169","FA","24","","1,000,000","MIN","67.75",".500","1.1",".725","9.2","3.9","2.3","0.9","0.3","1.5"
"*0626t*","Dominick Barlow","PHI","SF,PF,F,C","","170","FA","23","@NY Tue 4:00PM","1,000,000","MIN","67.63",".539","0.3",".718","7.7","4.8","1.2","0.9","0.7","0.8"
"*027pe*","Jimmy Butler","GS","SF,PF,F","","171","FA","36","","1,000,000","MIN","67.62",".519","0.8",".864","20.0","5.6","4.9","1.4","0.2","1.6"
"*06mmf*","Daniss Jenkins","DET","PG,G","","178","FA","25","BOS Tue 12:00PM","1,000,000","MIN","66.65",".408","1.0",".832","9.3","2.3","3.9","0.9","0.2","1.6"
"*051pi*","Daniel Gafford","DAL","C","","183","FA","27","","1,000,000","MIN","66",".655","0.0",".683","9.5","6.9","1.1","0.8","1.3","1.1"
"*0527l*","Luguentz Dort","ATL","SG,G,SF,PF,F","","184","FA","27","","1,000,000","MIN","65.92",".385","1.9",".759","8.3","3.6","1.2","0.9","0.4","0.8"
"*04ewd*","Luke Kennard","PHO","PG,SG,G","","186","FA","30","","1,000,000","MIN","65.69",".533","1.5",".913","8.4","2.3","2.2","0.7","0.1","0.8"
"*05qst*","Paul Reed","DET","C","","188","FA","27","BOS Tue 12:00PM","1,000,000","MIN","65.59",".617","0.2",".664","7.8","4.5","1.2","0.9","0.9","0.9"
"*049ki*","Marvin Bagley","DEN","PF,F,C","","189","FA","27","","1,000,000","MIN","65.35",".618","0.4",".660","10.4","6.1","1.4","0.5","0.7","1.0"
"*05qty*","Jalen Smith","CHI","PF,F,C","","192","FA","26","","1,000,000","MIN","65.02",".483","1.5",".742","10.2","6.7","1.2","0.5","0.8","1.0"
"*027ou*","Klay Thompson","MIA","SG,G,SF,F","","196","FA","36","","1,000,000","MIN","64.48",".393","2.9",".766","11.7","2.1","1.4","0.5","0.3","0.9"
"*05wqo*","Dru Smith","MIA","PG,SG,G","","200","FA","28","","1,000,000","MIN","63.76",".415","0.5",".829","5.6","2.5","2.6","1.4","0.3","0.8"
"*062pk*","Simone Fontecchio","MIA","SF,PF,F","","204","FA","30","","1,000,000","MIN","63.11",".412","1.8",".843","8.5","3.0","1.4","0.5","0.1","0.7"
"*05qsk*","Isaac Okoro","CHI","SG,G,SF,F","","205","FA","25","","1,000,000","MIN","62.98",".460","1.2",".795","9.3","2.7","1.6","0.7","0.5","0.7"
"*04qs1*","Anfernee Simons","PHI","PG,SG,G","","206","FA","27","@NY Tue 4:00PM","1,000,000","MIN","62.98",".440","2.7",".896","14.3","2.5","2.4","0.5","0.1","1.2"
"*05qtb*","Sam Merrill","CLE","SG,G,SF,F","","209","FA","30","","1,000,000","MIN","62.72",".461","3.0",".855","12.8","2.6","2.4","0.6","0.1","0.8"
"*05uik*","Ziaire Williams","LAL","SG,G,SF,F","","211","FA","24","","1,000,000","MIN","62.68",".425","1.5",".850","10.2","2.4","1.1","1.4","0.4","1.1"
"*05uj0*","Bones Hyland","MIN","PG,G","","212","FA","25","","1,000,000","MIN","62.58",".453","1.6",".780","8.5","1.8","2.6","0.6","0.2","1.0"
"*04qs4*","Robert Williams","POR","C","","216","FA","28","","1,000,000","MIN","62",".708","0.2",".596","6.7","7.0","1.0","0.6","1.5","0.8"
"*05ujq*","Luka Garza","BOS","C","","218","FA","27","@DET Tue 12:00PM","1,000,000","MIN","61.96",".577","0.8",".769","8.1","4.1","1.0","0.4","0.4","0.7"
"*051oo*","Jaxson Hayes","UTA","C","","220","FA","26","","1,000,000","MIN","61.71",".756","0.0",".653","7.5","4.1","0.9","0.4","0.8","0.5"
"*051oy*","Goga Bitadze","ORL","C","","221","FA","27","","1,000,000","MIN","61.15",".676","0.0",".711","5.9","5.0","1.3","0.6","1.0","0.7"
"*048zt*","Derrick Jones","LAC","SF,PF,F","","222","FA","29","","1,000,000","MIN","61.01",".499","1.1",".763","10.1","3.5","1.4","0.9","1.0","0.8"
"*03el5*","Kristaps Porzingis","GS","PF,F,C","","230","FA","31","","1,000,000","MIN","60.49",".446","1.7",".842","16.7","5.2","2.5","0.6","1.2","1.3"
"*051ot*","Tyler Herro","MIL","PG,SG,G","","231","FA","26","","1,000,000","MIN","60.47",".480","2.5",".917","20.5","4.8","4.1","0.7","0.4","1.9"
"*06ccw*","Jordan Miller","LAC","SF,F","","232","FA","26","","1,000,000","MIN","60.41",".531","0.6",".777","10.0","3.0","2.3","0.8","0.2","1.1"
"*03al0*","Aaron Gordon","DEN","PF,F,C","","233","FA","30","","1,000,000","MIN","60.16",".497","1.7",".767","16.2","5.8","2.7","0.6","0.3","1.1"
"*05qtk*","Vit Krejci","POR","PG,SG,G,SF,F","","235","FA","26","","1,000,000","MIN","59.98",".448","2.0",".745","8.5","2.3","1.5","0.7","0.3","0.6"
"*043cj*","Gary Payton II","GS","PG,SG,G","","236","FA","33","","1,000,000","MIN","59.37",".583","0.5",".650","7.5","3.6","1.7","0.9","0.3","0.8"
"*027oo*","Jonas Valanciunas","(N/A)","C","","238","FA","34","","1,000,000","MIN","59.01",".582","0.1",".772","8.7","5.1","1.2","0.2","0.6","1.1"
"*042n6*","Jakob Poeltl","TOR","C","","240","FA","30","","1,000,000","MIN","58.74",".700","0.0",".602","10.7","7.0","2.0","0.9","0.7","1.2"
"*000zv*","Al Horford","GS","PF,F,C","","241","FA","40","","1,000,000","MIN","58.66",".426","1.6",".846","8.3","4.9","2.6","0.7","1.1","0.9"
"*042nf*","Caris LeVert","MIL","SG,G,SF,F","","244","FA","32","","1,000,000","MIN","57.77",".417","1.0",".679","7.4","1.9","2.6","0.8","0.7","1.4"
"*05293*","John Konchar","(N/A)","SG,G","","245","FA","30","","1,000,000","MIN","57.64",".472","0.5",".727","4.4","4.3","2.1","1.5","0.7","0.6"
"*06cc0*","Taylor Hendricks","MEM","SF,PF,F,C","","246","FA","22","","1,000,000","MIN","57.53",".459","1.1",".681","7.4","3.7","0.9","0.8","0.5","0.8"
"*0621b*","Jalen Williams","OKC","SG,G,SF,PF,F","","247","FA","25","@SA Tue 6:30PM","1,000,000","MIN","57.48",".484","0.7",".837","17.1","4.6","5.5","1.2","0.3","1.9"
"*051ok*","De'Andre Hunter","SAC","SF,PF,F","","249","FA","28","","1,000,000","MIN","57.07",".415","1.7",".867","13.7","4.1","2.0","0.7","0.1","1.7"
"*06v8p*","Will Richard","GS","SG,G","","250","FA","23","","1,000,000","MIN","57.03",".468","1.0",".852","6.4","2.5","1.3","1.2","0.1","0.8"
"*06cc9*","Olivier-Maxence Prosper","MEM","PF,F","","252","FA","24","","1,000,000","MIN","56.65",".549","1.1",".754","10.0","3.5","1.0","0.8","0.2","0.9"
"*05wqp*","Micah Potter","POR","PF,F,C","","254","FA","28","","1,000,000","MIN","56.51",".515","1.5",".842","9.7","5.0","1.5","0.5","0.3","1.0"
"*06cd1*","Jordan Walsh","BOS","PF,F","","255","FA","22","@DET Tue 12:00PM","1,000,000","MIN","56.48",".509","0.7",".772","5.4","4.0","0.8","0.7","0.5","0.5"
"*03e6s*","Clint Capela","HOU","C","","258","FA","32","","1,000,000","MIN","55.87",".520","0.0",".577","3.8","4.6","0.7","0.5","0.8","0.5"
"*0633h*","Pat Spencer","PHO","PG,G","","260","FA","30","","1,000,000","MIN","54.95",".427","0.9",".772","7.2","2.4","3.5","0.7","0.1","1.3"
"*03byk*","Jordan Clarkson","NY","SG,G,SF,F","","262","FA","34","PHI Tue 4:00PM","1,000,000","MIN","54.83",".451","1.0",".830","8.6","1.8","1.3","0.4","0.1","0.9"
"*03wr4*","T.J. McConnell","IND","PG,G","","264","FA","34","","1,000,000","MIN","54.4",".538","0.3",".862","9.4","2.2","5.1","1.0","0.2","1.1"
"*06cel*","Sidy Cissoko","POR","SF,F","","266","FA","22","","1,000,000","MIN","54.34",".398","0.8",".659","5.1","2.2","1.5","0.7","0.3","0.9"
"*04qrx*","Josh Okogie","UTA","SG,G,SF,F","","270","FA","28","","1,000,000","MIN","53.86",".425","0.8",".594","4.5","2.6","0.9","0.8","0.2","0.5"
"*05uip*","Corey Kispert","ATL","SG,G,SF,PF,F","","273","FA","27","","1,000,000","MIN","53.64",".467","1.5",".794","9.2","2.3","1.6","0.3","0.2","0.8"
"*06prl*","Nae'Qwan Tomlin","CLE","PF,F","","275","FA","25","","1,000,000","MIN","53.38",".478","0.4",".770","5.8","2.9","0.8","0.6","0.5","0.5"
"*06nv9*","Spencer Jones","DEN","SF,PF,F","","276","FA","25","","1,000,000","MIN","53.26",".504","0.9",".608","5.5","3.3","0.8","0.8","0.5","0.5"
"*03xmt*","Guerschon Yabusele","(N/A)","PF,F,C","","278","FA","30","","1,000,000","MIN","53.14",".401","1.0",".750","5.6","3.5","0.9","0.4","0.2","0.6"
"*06y2o*","Dylan Cardwell","SAC","PF,F,C","","279","FA","24","","1,000,000","MIN","52.86",".587","0.0",".510","5.4","7.5","1.4","0.7","1.5","0.9"
"*031lv*","Kentavious Caldwell-Pope","PHI","SG,G,SF,F","","280","FA","33","@NY Tue 4:00PM","1,000,000","MIN","52.84",".410","1.1",".912","8.4","2.5","2.7","0.8","0.2","1.2"
"*04qs3*","Landry Shamet","NY","SG,G","","281","FA","29","PHI Tue 4:00PM","1,000,000","MIN","52.39",".437","2.0",".711","9.3","1.8","1.4","0.6","0.2","0.6"
"*05uic*","Jalen Green","PHO","PG,SG,G","","283","FA","24","","1,000,000","MIN","51.98",".422","2.2",".747","17.8","3.6","2.8","1.1","0.3","2.3"
"*0621a*","Ousmane Dieng","MIL","PF,F,C","","285","FA","23","","1,000,000","MIN","51.86",".422","1.1",".711","7.6","3.2","2.4","0.4","0.3","1.3"
"*02nf1*","Anthony Davis","WAS","PF,F,C","","286","FA","33","","1,000,000","MIN","51.81",".506","0.5",".728","20.4","11.1","2.8","1.1","1.6","2.0"
"*04qsi*","Jarred Vanderbilt","LAL","PF,F","","287","FA","27","","1,000,000","MIN","51.54",".471","0.4",".589","4.4","4.5","1.3","0.8","0.3","0.9"
"*064tp*","Quenton Jackson","IND","PG,G","","289","FA","27","","1,000,000","MIN","51.3",".470","0.9",".824","9.1","2.3","2.9","0.6","0.1","1.3"
"*06ca5*","Kris Murray","MEM","SF,F","","290","FA","26","","1,000,000","MIN","51.19",".467","0.6",".684","5.8","3.6","1.4","0.9","0.4","0.8"
"*04ex5*","Thomas Bryant","CLE","C","","291","FA","29","","1,000,000","MIN","50.93",".506","0.8",".803","6.2","3.4","0.6","0.3","0.4","0.5"
"*05uih*","Jonathan Kuminga","MIN","PF,F,C","","294","FA","23","","1,000,000","MIN","50.8",".463","1.0",".724","12.2","5.6","2.3","0.6","0.3","1.9"
"*005l0*","Nicolas Batum","(N/A)","PF,F","","297","FA","37","","1,000,000","MIN","49.76",".403","1.2",".818","4.0","2.5","0.9","0.6","0.3","0.5"
"*04qsn*","Svi Mykhailiuk","UTA","SF,F","","298","FA","29","","1,000,000","MIN","49.52",".478","2.0",".893","9.4","2.5","1.9","0.5","0.1","0.8"
"*0621q*","Nikola Jovic","MIA","PF,F,C","","300","FA","23","","1,000,000","MIN","49.2",".366","1.0",".683","7.3","3.3","2.2","0.6","0.4","1.4"
"*03aq3*","Kyle Anderson","TOR","SF,PF,F","","301","FA","32","","1,000,000","MIN","49.13",".530","0.1",".706","6.2","3.5","2.9","1.0","0.6","0.9"
"*05uj1*","Cameron Thomas","(N/A)","SG,G,SF,F","","302","FA","24","","1,000,000","MIN","49",".410","1.2",".811","13.5","1.7","2.6","0.2","0.1","1.8"
"*05ujw*","Jericho Sims","MIL","C","","303","FA","27","","1,000,000","MIN","48.77",".784","0.0",".620","5.0","5.5","1.6","0.3","0.3","1.1"
"*06cd2*","Rayan Rupert","PHI","SG,G","","304","FA","22","@NY Tue 4:00PM","1,000,000","MIN","48.65",".393","0.7",".778","5.2","2.9","1.1","0.9","0.1","0.9"
"*05uuv*","Trendon Watford","NO","PG,SG,G,PF,F","","306","FA","25","","1,000,000","MIN","48.21",".515","0.2",".779","6.5","3.3","2.5","0.3","0.4","1.2"
"*03e79*","Dwight Powell","(N/A)","C","","307","FA","35","","1,000,000","MIN","48.16",".644","0.0",".696","3.3","4.1","1.1","0.5","0.3","0.7"
"*06220*","Jaden Hardy","LAL","PG,SG,G","","308","FA","24","","1,000,000","MIN","48.1",".424","1.8",".733","9.2","1.5","1.0","0.3","0.1","1.1"
"*0015e*","Mike Conley","BOS","PG,G","","309","FA","38","@DET Tue 12:00PM","1,000,000","MIN","48.09",".335","1.0",".900","4.5","1.7","2.9","0.6","0.3","0.6"
"*06ca2*","Kobe Brown","IND","PF,F","","310","FA","26","","1,000,000","MIN","47.98",".469","0.9",".797","5.8","3.0","1.3","0.4","0.2","0.9"
"*04t8w*","Kenrich Williams","OKC","PF,F","","314","FA","31","@SA Tue 6:30PM","1,000,000","MIN","47.59",".473","0.9",".635","6.5","3.3","1.4","0.6","0.1","0.8"
"*06213*","Keegan Murray","SAC","SF,PF,F","","316","FA","26","","1,000,000","MIN","47.3",".420","1.3",".776","14.0","5.7","1.7","1.0","1.6","1.2"
"*042n3*","Buddy Hield","ATL","PG,SG,G,SF,F","","317","FA","33","","1,000,000","MIN","47.23",".437","1.5",".811","7.6","2.3","1.4","0.8","0.2","0.9"
"*05qv9*","Anthony Gill","(N/A)","PF,F","","319","FA","33","","1,000,000","MIN","46.47",".628","0.3",".739","5.8","2.9","1.3","0.6","0.4","0.7"
"*06223*","Bryce McGowens","NO","SG,G","","321","FA","23","","1,000,000","MIN","46.2",".481","0.9",".779","8.1","2.1","1.5","0.6","0.2","0.4"
"*04qs9*","Jevon Carter","ORL","PG,G","","324","FA","30","","1,000,000","MIN","45.6",".401","1.5",".789","6.4","1.7","1.6","0.8","0.2","0.7"
"*06cdc*","Jalen Wilson","ATL","SF,PF,F","","326","FA","25","","1,000,000","MIN","45.2",".396","1.0",".719","6.4","2.1","0.9","0.4","0.0","0.7"
"*005kd*","Kevin Love","(N/A)","PF,F,C","","327","FA","37","","1,000,000","MIN","45",".397","1.4",".841","6.7","5.8","1.8","0.4","0.2","0.8"
"*06cd9*","Jaylen Clark","MIN","SG,G,SF,F","","328","FA","24","","1,000,000","MIN","44.67",".434","0.5",".657","4.0","1.8","0.6","0.7","0.1","0.3"
"*06cei*","Leonard Miller","CHI","SF,F","","329","FA","22","","1,000,000","MIN","44.34",".553","0.7",".736","7.8","3.9","0.9","0.4","0.3","0.8"
"*051p2*","Grant Williams","CHA","PF,F","","330","FA","27","","1,000,000","MIN","44.29",".426","1.4",".815","7.0","3.9","1.6","0.5","0.5","0.9"
"*05qtd*","Nick Richards","MIA","C","","332","FA","28","","1,000,000","MIN","44.21",".512","0.1",".644","5.8","5.1","0.3","0.2","0.7","1.2"
"*042n7*","Domantas Sabonis","SAC","PF,F,C","","334","FA","30","","1,000,000","MIN","44.08",".543","0.3",".727","15.8","11.4","4.1","0.9","0.2","2.7"
"*031lz*","Steven Adams","HOU","C","","335","FA","33","","1,000,000","MIN","43.93",".504","0.0",".580","5.8","8.6","1.5","0.7","0.6","1.1"
"*064q6*","Daeqwon Plowden","SAC","SG,G,SF,F","","336","FA","28","","1,000,000","MIN","43.85",".430","1.9",".857","10.8","3.0","1.3","0.7","0.2","0.8"
"*0621d*","Ochai Agbaji","(N/A)","SG,G,SF,F","","337","FA","26","","1,000,000","MIN","43.44",".436","0.5",".837","5.1","2.3","0.8","0.4","0.3","0.5"
"*07215*","Moussa Cisse","DAL","C","","339","FA","23","","1,000,000","MIN","43.09",".574","0.0",".469","4.5","5.7","0.2","0.5","1.2","0.8"
"*06214*","Jaden Ivey","(N/A)","SG,G","","341","FA","24","","1,000,000","MIN","42.85",".445","1.4",".809","8.5","2.5","1.8","0.6","0.4","1.1"
"*05ujm*","Sharife Cooper","(N/A)","PG,G","","343","FA","25","","1,000,000","MIN","41.6",".514","0.7",".833","8.1","2.1","3.0","0.4","0.1","1.5"
"*06cc6*","Jett Howard","DAL","SF,F","","344","FA","22","","1,000,000","MIN","41.44",".418","1.0",".949","5.5","1.6","0.8","0.2","0.2","0.3"
"*04qs0*","Aaron Holiday","(N/A)","PG,G","","347","FA","29","","1,000,000","MIN","41.04",".417","1.2",".854","5.5","1.0","1.1","0.5","0.1","0.7"
"*0622e*","Tyrese Martin","PHI","SG,G","","348","FA","27","@NY Tue 4:00PM","1,000,000","MIN","40.98",".394","1.2",".679","6.3","2.5","1.7","0.5","0.1","0.9"
"*0623l*","Jamaree Bouyea","PHO","PG,G","","349","FA","27","","1,000,000","MIN","40.8",".458","0.5",".686","5.7","1.8","1.8","0.6","0.3","0.7"
"*03ad0*","Tyus Jones","DEN","PG,G","","350","FA","30","","1,000,000","MIN","40.66",".349","0.6",".778","3.0","1.1","2.4","0.6","0.0","0.4"
"*05qti*","Josh Green","UTA","SG,G,SF,F","","352","FA","25","","1,000,000","MIN","40.44",".459","1.0",".893","4.3","1.8","0.8","0.6","0.1","0.6"
"*04qs2*","Moritz Wagner","BKN","C","","357","FA","29","","1,000,000","MIN","39.74",".426","0.6",".819","6.9","3.2","0.8","0.4","0.1","0.5"
"*06mmi*","Branden Carlson","POR","C","","358","FA","27","","1,000,000","MIN","39.67",".527","0.7",".577","5.8","3.0","0.7","0.2","0.6","0.4"
"*05quh*","Zeke Nnaji","DEN","PF,F,C","","362","FA","25","","1,000,000","MIN","39.25",".470","0.3",".773","3.7","2.6","0.6","0.3","0.5","0.5"
"*04ewb*","Jonathan Isaac","ORL","PF,F","","364","FA","28","","1,000,000","MIN","38.42",".422","0.1",".603","2.6","2.5","0.4","0.4","0.6","0.3"
"*04xdu*","Drew Eubanks","(N/A)","C","","365","FA","29","","1,000,000","MIN","38.35",".596","0.0",".561","5.2","3.0","0.5","0.4","0.6","0.7"
"*06mjy*","Tidjane Salaun","CHA","PF,F","","366","FA","21","","3,500,000","MIN","38.17",".503","1.0",".650","6.0","4.0","0.7","0.4","0.2","0.7"
"*05wkc*","Ethan Thompson","(N/A)","SG,G","","367","FA","27","","1,000,000","MIN","38.15",".378","1.2",".787","7.0","2.2","1.8","0.6","0.3","0.8"
"*05g3q*","Gabe Vincent","(N/A)","PG,G","","368","FA","30","","1,000,000","MIN","38.14",".352","1.1",".870","4.4","1.0","1.4","0.5","0.1","0.5"
"*03ad4*","D'Angelo Russell","MEM","PG,G","","369","FA","30","","1,000,000","MIN","37.95",".405","1.3",".717","10.2","2.3","4.0","0.5","0.1","1.9"
"*06qdz*","Elijah Harkless","DET","SG,G","","370","FA","26","BOS Tue 12:00PM","1,000,000","MIN","37.8",".335","0.8",".766","6.8","2.0","2.9","1.2","0.2","1.0"
"*06gno*","Pete Nance","MIL","PF,F","","371","FA","26","","1,000,000","MIN","37.67",".515","1.1",".364","5.4","2.7","1.0","0.3","0.3","0.6"
"*06cef*","Oscar Tshiebwe","HOU","C","","374","FA","26","","1,000,000","MIN","37.22",".634","0.0",".551","7.8","6.6","1.2","0.6","0.2","0.8"
"*0621h*","Dalen Terry","GS","SG,G,SF,F","","375","FA","24","","1,000,000","MIN","37.02",".439","0.5",".533","3.7","1.8","1.4","0.6","0.3","0.5"
"*05qtl*","Cole Anthony","(N/A)","PG,G","","381","FA","26","","1,000,000","MIN","36.37",".424","0.6",".615","6.7","2.5","3.5","0.6","0.3","1.9"
"*06z61*","Myron Gardner","MIA","SF,F","","383","FA","25","","1,000,000","MIN","35.84",".480","0.6",".731","3.6","2.7","1.0","0.4","0.2","0.4"
"*065b8*","Keaton Wallace","ATL","PG,G","","384","FA","27","","1,000,000","MIN","35.73",".398","0.7",".667","3.5","1.1","1.8","0.5","0.1","0.5"
"*0661b*","Jamal Cain","ORL","SG,G,SF,F","","386","FA","27","","1,000,000","MIN","35.24",".487","0.7",".848","5.4","1.9","0.7","0.3","0.1","0.5"
"*042n8*","Taurean Prince","DET","SG,G,SF,F","","387","FA","32","BOS Tue 12:00PM","1,000,000","MIN","35.11",".450","2.3","1.000","9.2","3.1","1.8","0.6","0.2","1.2"
"*03r7e*","Cameron Payne","(N/A)","PG,G","","388","FA","32","","1,000,000","MIN","34.85",".376","1.5",".864","7.4","2.0","2.6","1.1","0.3","0.5"
"*06mm4*","Ariel Hukporti","PHI","C","","389","FA","24","@NY Tue 4:00PM","1,000,000","MIN","34.71",".563","0.0",".788","2.2","2.9","0.5","0.2","0.5","0.6"
"*06mk9*","Dalton Knecht","LAL","SG,G,SF,F","","391","FA","25","","4,000,000","MIN","34.29",".455","0.7",".727","4.2","1.4","0.4","0.2","0.2","0.4"
"*06218*","Jeremy Sochan","POR","PF,F,C","","394","FA","23","","1,000,000","MIN","33.61",".496","0.3",".731","3.6","2.4","0.9","0.4","0.2","0.5"
"*04ews*","Tony Bradley","(N/A)","C","","395","FA","28","","1,000,000","MIN","33.37",".547","0.0",".744","4.0","2.8","0.5","0.1","0.2","0.4"
"*072af*","Julian Reese","(N/A)","SF,F","","397","FA","23","","1,000,000","MIN","32.72",".529","0.0",".636","11.8","10.5","1.8","1.4","0.6","2.5"
"*06vxp*","Taelon Peter","SA","SG,G","","398","FA","24","OKC Tue 6:30PM","1,000,000","MIN","32.65",".380","1.1",".625","4.5","1.6","1.1","0.7","0.1","0.7"
"*062do*","Tyson Etienne","BKN","PG,G","","399","FA","26","","1,000,000","MIN","32.55",".400","1.8",".833","7.9","1.1","1.7","0.5","0.0","0.7"
"*05qt9*","Killian Hayes","(N/A)","PG,SG,G","","400","FA","25","","1,000,000","MIN","32.4",".304","0.7",".929","5.5","2.3","3.5","0.9","0.2","1.2"
"*031m0*","Kelly Olynyk","(N/A)","C","","401","FA","35","","1,000,000","MIN","32.31",".490","0.3",".711","3.2","1.8","1.2","0.4","0.1","0.6"
"*06ca7*","Cam Whitmore","(N/A)","SF,PF,F","","402","FA","22","","1,000,000","MIN","32.3",".456","0.8",".742","9.2","2.8","0.7","0.7","0.4","0.9"
"*06mls*","Cam Christie","LAC","SG,G","","403","FA","21","","3,000,000","MIN","32.3",".381","0.2",".760","2.8","1.4","0.6","0.3","0.1","0.4"
"*03apx*","Gary Harris","DET","SG,G","","404","FA","31","BOS Tue 12:00PM","1,000,000","MIN","32.2",".442","0.6",".889","2.7","1.3","1.1","0.6","0.2","0.4"
"*0722s*","Chaney Johnson","BKN","SF,PF,F","","405","FA","24","","1,000,000","MIN","32.15",".543","0.5",".800","8.2","4.6","2.1","0.9","0.5","1.2"
"*07401*","Bez Mbeng","UTA","SG,G","","406","FA","23","","1,000,000","MIN","32.13",".500","0.4",".640","8.1","3.8","4.1","2.3","0.3","1.5"
"*06221*","Kennedy Chandler","(N/A)","PG,G","","408","FA","23","","1,000,000","MIN","31.99",".445","1.4",".651","15.0","3.4","6.7","1.0","0.2","2.1"
"*06224*","E.J. Liddell","(N/A)","PF,F","","410","FA","25","","1,000,000","MIN","31.63",".486","0.7",".808","5.7","2.7","0.9","0.2","0.4","0.6"
"*06q2e*","Jamison Battle","TOR","SF,PF,F","","411","FA","25","","1,000,000","MIN","31.55",".510","0.6",".643","3.1","1.5","0.4","0.1","0.0","0.3"
"*03r7l*","Larry Nance","IND","PF,F,C","","412","FA","33","","1,000,000","MIN","31.14",".419","0.6",".462","3.7","2.7","1.0","0.6","0.2","0.6"
"*0621o*","Blake Wesley","(N/A)","PG,SG,G","","413","FA","23","","1,000,000","MIN","30.87",".452","0.3",".553","4.8","1.3","2.0","0.5","0.2","1.0"
"*06cdf*","Julian Phillips","HOU","SF,PF,F","","415","FA","22","","1,000,000","MIN","30.78",".421","0.4",".783","2.9","1.0","0.2","0.5","0.1","0.2"
"*043ib*","Dorian Finney-Smith","CHA","SF,PF,F","","416","FA","33","","1,000,000","MIN","30.75",".333","0.7",".889","3.3","2.5","1.0","0.4","0.2","0.6"
"*059g0*","Amir Coffey","(N/A)","SG,G,SF,PF,F","","418","FA","29","","1,000,000","MIN","30.67",".487","0.4",".786","3.2","1.2","0.6","0.2","0.1","0.2"
"*06vyb*","Lachlan Olbrich","CHI","PF,F,C","","419","FA","22","","1,000,000","MIN","30.51",".468","0.1",".375","2.4","3.0","1.1","0.3","0.2","0.4"
"*06mm8*","Keshad Johnson","MIA","SF,F","","420","FA","25","","1,000,000","MIN","30.08",".490","0.4",".724","4.3","1.9","0.3","0.5","0.3","0.4"
"*06cdk*","Jalen Slawson","IND","SF,F","","421","FA","26","","1,000,000","MIN","29.89",".442","1.2",".706","7.3","4.4","2.8","1.5","1.1","1.3"
"*06cdd*","Andre Jackson","TOR","SG,G","","422","FA","24","","1,000,000","MIN","29.66",".328","0.3",".625","2.4","1.5","0.9","0.4","0.1","0.6"
"*04jw4*","Maxi Kleber","(N/A)","PF,F,C","","423","FA","34","","1,000,000","MIN","29.65",".452","0.1",".538","2.0","2.0","0.6","0.4","0.3","0.4"
"*03avi*","Doug McDermott","(N/A)","SF,F","","424","FA","34","","1,000,000","MIN","29.64",".388","1.7",".889","5.7","1.3","0.8","0.2","0.1","0.4"
"*06pvt*","Cormac Ryan","MIL","SG,G","","425","FA","27","","1,000,000","MIN","29.62",".520","2.5",".923","14.3","2.5","1.7","1.0","0.3","1.5"
"*06mmd*","Blake Hinson","UTA","SF,F","","426","FA","26","","1,000,000","MIN","29.54",".513","2.6",".750","11.9","2.4","1.1","0.4","0.1","0.4"
"*0621w*","Christian Koloko","NO","C","","427","FA","26","","1,000,000","MIN","29.4",".419","0.0",".667","2.7","3.0","0.7","0.5","0.9","0.6"
"*07231*","Tyler Burton","(N/A)","SF,PF,F","","428","FA","26","","1,000,000","MIN","29.33",".375","1.8",".852","10.8","4.2","1.0","0.9","0.3","0.9"
"*06ccb*","Nick Smith","(N/A)","SG,G","","429","FA","22","","1,000,000","MIN","29.21",".435","1.1",".733","6.2","0.8","1.0","0.3","0.1","0.7"
"*06dob*","Leaky Black","(N/A)","SF,F","","430","FA","27","","1,000,000","MIN","29.03",".388","1.3",".875","7.1","5.0","1.5","1.2","0.5","0.9"
"*0621j*","Malaki Branham","ORL","PG,SG,G","","431","FA","23","","1,000,000","MIN","28.96",".473","0.5",".824","4.6","1.6","0.8","0.4","0.1","0.5"
"*05uj6*","Jeremiah Robinson-Earl","(N/A)","PF,F,C","","432","FA","25","","1,000,000","MIN","28.85",".370","0.5",".944","4.6","4.7","0.7","0.4","0.0","0.5"
"*06hsl*","Malachi Smith","TOR","SG,G","","433","FA","26","","1,000,000","MIN","28.83",".485","1.3","1.000","8.3","3.4","3.3","0.8","0.3","0.9"
"*03ad7*","Kevon Looney","LAL","C","","434","FA","30","","1,000,000","MIN","28.12",".417","0.1",".700","2.8","5.6","1.6","0.4","0.5","0.4"
"*06233*","Ron Harper","BOS","SF,F","","435","FA","26","@DET Tue 12:00PM","1,000,000","MIN","28.07",".418","1.0",".750","4.2","1.7","0.8","0.3","0.3","0.3"
"*05qve*","Jae'Sean Tate","HOU","SF,F","","437","FA","30","","1,000,000","MIN","27.89",".514","0.2",".636","2.8","1.6","0.5","0.2","0.1","0.3"
"*07243*","L.J. Cryer","GS","PG,SG,G","","438","FA","24","","1,000,000","MIN","27.7",".402","2.1",".895","8.2","1.6","1.0","0.2","0.0","0.8"
"*03r7v*","Pat Connaughton","CHA","SG,G,SF,F","","442","FA","33","","1,000,000","MIN","27.54",".447","0.5",".650","2.6","1.5","0.4","0.3","0.0","0.3"
"*06pvs*","Malevy Leons","GS","SF,F","","444","FA","26","","1,000,000","MIN","27.25",".444","0.2",".789","3.3","2.1","0.9","0.6","0.4","0.5"
"*05uwa*","A.J. Lawson","(N/A)","SG,G","","445","FA","26","","1,000,000","MIN","27.07",".436","0.8",".778","4.2","1.8","0.3","0.5","0.2","0.3"
"*05ujg*","Isaiah Livers","PHO","PF,F","","446","FA","28","","1,000,000","MIN","26.49",".344","0.3",".750","1.8","1.7","0.6","0.4","0.2","0.3"
"*05uxx*","DeJon Jarreau","(N/A)","SG,G","","447","FA","28","","1,000,000","MIN","26.42",".398","0.4",".783","8.0","4.6","3.3","0.9","0.7","2.4"
"*0723c*","John Poulakidas","DAL","PG,SG,G","","448","FA","23","","1,000,000","MIN","26.31",".429","2.4",".857","8.8","2.3","0.8","0.5","0.3","0.3"
"*05ujr*","Charles Bassey","GS","C","","449","FA","25","","1,000,000","MIN","26.23",".660","0.0",".700","5.8","4.4","0.5","0.3","0.8","0.5"
"*04ewc*","Zach Collins","CHI","PF,F,C","","450","FA","28","","1,000,000","MIN","26.2",".578","0.9",".700","9.7","5.6","1.5","0.2","0.4","1.0"
"*04xhz*","Jordan McLaughlin","SA","PG,G","","451","FA","30","OKC Tue 6:30PM","1,000,000","MIN","26.14",".418","0.4",".857","2.0","0.7","0.9","0.5","0.0","0.3"
"*06gix*","Duop Reath","(N/A)","C","","452","FA","30","","1,000,000","MIN","25.97",".446","0.7",".833","2.9","1.2","0.3","0.2","0.3","0.2"
"*0621l*","Walker Kessler","LAL","C","","453","FA","25","","1,000,000","MIN","25.87",".703","1.2",".700","14.4","10.8","3.0","1.4","1.8","3.2"
"*06mld*","Jonathan Mogbo","SAC","PF,F,C","","455","FA","24","","1,500,000","MIN","25.76",".591","0.0",".643","1.5","1.7","0.6","0.3","0.2","0.3"
"*0621n*","MarJon Beauchamp","PHI","SG,G,SF,F","","456","FA","25","@NY Tue 4:00PM","1,000,000","MIN","25.71",".434","1.1",".684","6.8","2.3","1.1","0.6","0.3","0.9"
"*005l3*","DeAndre Jordan","NO","C","","459","FA","38","","1,000,000","MIN","25.36",".656","0.0",".647","4.4","6.3","0.9","0.3","0.8","0.8"
"*0622g*","JD Davison","ORL","PG,G","","460","FA","23","","1,000,000","MIN","25.32",".375","0.3",".684","2.5","1.2","1.3","0.2","0.2","0.3"
"*06pvy*","Yuki Kawamura","(N/A)","PG,G","","461","FA","25","","1,000,000","MIN","25.2",".327","0.6",".895","3.4","1.8","2.6","0.5","0.0","0.8"
"*052fs*","Garrison Mathews","(N/A)","SG,G,SF,F","","462","FA","29","","1,000,000","MIN","25.04",".404","1.1",".826","5.2","1.1","0.7","0.4","0.2","0.2"
"*06pwq*","Tolu Smith","DET","PF,F","","463","FA","26","BOS Tue 12:00PM","1,000,000","MIN","24.72",".500","0.0",".667","3.7","3.3","0.9","0.1","0.4","0.5"
"*0664y*","Nate Williams","GS","SG,G","","464","FA","27","","1,000,000","MIN","24.72",".489","0.9",".867","8.0","2.1","1.0","0.4","0.0","1.1"
"*074bu*","Adama Bal","(N/A)","SG,G","","465","FA","22","","1,000,000","MIN","24.71",".412","2.3",".900","10.4","3.1","2.4","1.1","0.1","0.8"
"*05yoh*","Lindy Waters","(N/A)","SG,G,SF,F","","466","FA","29","","1,000,000","MIN","24.29",".375","0.7",".667","2.4","0.7","0.5","0.1","0.0","0.2"
"*065b9*","Lucas Williamson","(N/A)","PG,SG,G","","467","FA","27","","1,000,000","MIN","24.18",".333","2.1","1.000","10.4","5.4","2.6","1.6","0.1","1.4"
"*0723f*","Chris Youngblood","POR","PG,SG,G","","468","FA","24","","1,000,000","MIN","23.97",".349","0.5",".900","2.1","0.8","0.4","0.1","0.1","0.1"
"*03e7e*","Thanasis Antetokounmpo","(N/A)","SF,F","","469","FA","34","","1,000,000","MIN","23.92",".469","0.0",".567","1.4","0.9","0.4","0.4","0.2","0.3"
"*06cf3*","Drew Timme","(N/A)","PF,F,C","","470","FA","25","","1,000,000","MIN","23.79",".576","0.4",".556","3.4","1.2","0.9","0.2","0.0","0.5"
"*06pw1*","RayJ Dennis","ATL","PG,G","","471","FA","25","","1,000,000","MIN","23.55",".313","0.8",".889","4.4","1.5","1.9","0.2","0.2","1.0"
"*06v83*","Chaz Lanier","DET","SG,G","","472","FA","24","BOS Tue 12:00PM","1,000,000","MIN","23.54",".315","0.6",".833","2.4","0.7","0.5","0.2","0.0","0.1"
"*05uuu*","Mac McClung","(N/A)","SG,G","","473","FA","27","","1,000,000","MIN","23.21",".390","0.6",".778","6.1","0.9","0.9","1.0","0.3","0.8"
"*06ccc*","Dariq Whitehead","(N/A)","SF,F","","474","FA","22","","1,000,000","MIN","23.13",".398","3.2",".714","16.3","4.0","1.5","0.7","0.0","1.7"
"*06ccx*","Hunter Tyson","(N/A)","PF,F","","476","FA","26","","1,000,000","MIN","22.55",".269","0.3",".846","2.2","1.7","0.8","0.1","0.0","0.2"
"*038ia*","Seth Curry","(N/A)","SG,G","","477","FA","36","","1,000,000","MIN","22.53",".490","1.2",".917","7.1","1.2","1.0","0.3","0.0","0.2"
"*0017e*","Chris Paul","(N/A)","PG,G","","478","FA","41","","1,000,000","MIN","22.47",".321","0.6",".500","2.9","1.8","3.3","0.7","0.0","1.0"
"*05r0c*","Tre Scott","(N/A)","PF,F","","479","FA","29","","1,000,000","MIN","22.23",".380","1.0",".667","8.0","5.2","1.7","1.3","0.8","0.7"
"*001ax*","Jeff Green","(N/A)","PF,F","","481","FA","40","","1,000,000","MIN","22.07",".368","0.4","1.000","2.2","0.8","0.3","0.1","0.1","0.1"
"*05qtf*","Xavier Tillman","(N/A)","C","","482","FA","27","","1,000,000","MIN","22.07",".435","0.1",".250","1.5","1.4","0.4","0.3","0.2","0.3"
"*031m9*","Mason Plumlee","(N/A)","C","","484","FA","36","","1,000,000","MIN","22.03",".786","0.0",".643","1.6","2.6","1.0","0.5","0.0","0.6"
"*06mlf*","Tyler Smith","(N/A)","PF,F","","487","FA","21","","2,000,000","MIN","21.49",".420","0.8",".667","4.7","2.8","0.4","0.5","0.0","0.5"
"*073y0*","Andersson Garcia","(N/A)","PF,F","","488","FA","26","","1,000,000","MIN","21.4",".310","0.2",".778","5.2","8.4","2.8","1.6","0.8","1.4"
"*06mm2*","Kevin McCullar","NY","SF,F","","489","FA","25","PHI Tue 4:00PM","1,500,000","MIN","21.22",".426","0.4",".400","2.4","1.3","1.0","0.4","0.0","0.6"
"*074gu*","Toby Okani","(N/A)","SF,F","","490","FA","24","","1,000,000","MIN","21.15",".357","1.5",".125","10.0","3.5","1.0","0.7","0.5","0.5"
"*0623h*","Alondes Williams","WAS","SG,G","","491","FA","27","","1,000,000","MIN","21.1",".615","1.3",".875","11.0","6.3","3.0","0.8","0.8","1.3"
"*03kqi*","Joe Ingles","(N/A)","SF,F","","492","FA","38","","1,000,000","MIN","21.09",".593","0.3","1.000","1.5","0.7","1.3","0.3","0.1","0.5"
"*06ca4*","Kobe Bufkin","NO","SG,G","","493","FA","22","","1,000,000","MIN","20.94",".300","0.3",".917","2.9","0.8","0.6","0.1","0.2","0.3"
"*0621m*","David Roddy","DEN","PF,F","","494","FA","25","","1,000,000","MIN","20.66",".500","0.6","1.000","8.0","4.0","0.8","0.8","0.2","0.4"
"*05qu8*","Omer Yurtseven","(N/A)","C","","495","FA","28","","1,000,000","MIN","20.63",".423","0.0",".667","3.8","3.3","0.9","0.2","0.1","1.0"
"*0622j*","Luke Travers","(N/A)","SG,G","","496","FA","25","","1,000,000","MIN","20.58",".250","0.1","1.000","2.3","2.0","0.8","0.6","0.3","0.3"
"*01en8*","Taj Gibson","MEM","C","","497","FA","41","","1,000,000","MIN","20.52",".462","0.3",".875","3.4","2.7","0.6","0.2","0.1","0.1"
"*04k0q*","Nigel Hayes-Davis","(N/A)","SF,PF,F","","500","FA","31","","1,000,000","MIN","20.01",".326","0.1",".500","1.3","1.2","0.3","0.3","0.1","0.3"
"*06vxx*","Miles Kelly","(N/A)","PG,G","","501","FA","23","","1,000,000","MIN","20",".364","0.7","1.000","3.1","1.7","0.9","0.3","0.1","0.4"
"*04yk1*","Haywood Highsmith","PHO","SF,PF,F","","502","FA","29","","1,000,000","MIN","19.93",".522","1.1",".857","5.4","1.9","1.0","0.6","0.0","0.0"
"*0621r*","Patrick Baldwin","SAC","SF,F","","503","FA","23","","1,000,000","MIN","19.91",".407","0.7",".714","3.7","2.6","0.6","0.3","0.6","0.6"
"*0623d*","Johnny Juzang","(N/A)","SG,G,SF,F","","504","FA","25","","1,000,000","MIN","19.64",".421","0.3",".625","2.0","0.8","0.3","0.1","0.0","0.2"
"*02nf3*","Bradley Beal","LAC","SG,G","","505","FA","33","","1,000,000","MIN","19.6",".375","1.2",".750","8.2","0.8","1.7","0.5","0.0","1.5"
"*06prk*","Tristan Enaruna","CLE","SF,F","","506","FA","25","","1,000,000","MIN","19.54",".500","0.3",".750","4.1","1.6","0.8","0.6","0.0","0.3"
"*06mor*","David Jones Garcia","SA","SF,F","","507","FA","24","OKC Tue 6:30PM","1,000,000","MIN","19.42",".520","0.3",".500","2.9","1.2","1.6","0.5","0.1","0.5"
"*04fj8*","Chris Boucher","(N/A)","PF,F","","508","FA","33","","1,000,000","MIN","19.23",".320","0.2",".750","2.3","2.0","0.3","0.6","0.8","0.1"
"*0621v*","Caleb Houstan","NO","SF,F","","510","FA","23","","1,000,000","MIN","19.18",".538","0.6","1.000","2.3","0.6","0.2","0.1","0.1","0.2"
"*027oq*","Bismack Biyombo","(N/A)","C","","511","FA","34","","1,000,000","MIN","18.91",".600","0.0",".714","0.9","1.0","0.2","0.2","0.1","0.3"
"*06mmg*","Isaiah Crawford","HOU","SF,F","","512","FA","24","","1,000,000","MIN","18.85",".417","0.2",".833","2.0","1.1","0.4","0.1","0.2","0.3"
"*0728u*","Kadary Richmond","(N/A)","PG,SG,G","","513","FA","25","","1,000,000","MIN","18.64",".625","0.7","1.000","8.3","3.3","2.7","2.7","0.3","0.7"
"*06yzq*","Curtis Jones","DEN","SG,G","","514","FA","24","","1,000,000","MIN","18.39",".407","0.6",".500","2.9","1.1","1.0","0.4","0.0","0.2"
"*06mog*","Riley Minix","CLE","SF,F","","515","FA","25","","1,000,000","MIN","18.37",".609","0.4","1.000","3.9","0.7","0.6","0.2","0.1","0.3"
"*0621s*","TyTy Washington","LAC","PG,G","","516","FA","24","","1,000,000","MIN","18.3",".474","0.2","0","1.3","0.4","1.1","0.4","0.2","0.2"
"*073pt*","Payton Sandfort","(N/A)","SF,F","","517","FA","24","","1,000,000","MIN","18.14",".500","1.8",".500","8.8","2.5","0.0","0.3","0.0","0.3"
"*055sg*","DaQuan Jeffries","(N/A)","SG,G","","518","FA","29","","1,000,000","MIN","18.12",".579","1.3","1.000","10.3","1.7","0.3","0.7","0.0","0.0"
"*005kf*","Eric Gordon","(N/A)","SG,G,SF,F","","519","FA","37","","1,000,000","MIN","18.07",".571","1.3",".500","5.5","0.3","0.5","0.7","0.2","0.5"
"*06qfk*","Josh Oduro","NO","PF,F","","520","FA","25","","1,000,000","MIN","17.99",".647","0.0",".500","8.3","7.7","1.3","0.0","0.0","0.7"
"*073o8*","Grant Nelson","BKN","SF,PF,F","","521","FA","24","","1,000,000","MIN","17.92",".556","0.0",".700","4.3","1.5","1.3","0.3","1.3","1.0"
"*07234*","Keshon Gilbert","ATL","SG,G","","522","FA","23","","1,000,000","MIN","17.89",".417","0.0","1.000","4.3","1.3","3.0","0.8","1.0","2.0"
"*06fzs*","Javonte Cooke","(N/A)","SG,G","","523","FA","27","","1,000,000","MIN","17.73",".220","0.2","1.000","1.2","1.0","0.4","0.3","0.0","0.5"
"*0728q*","Alex Antetokounmpo","MIL","SF,F","","524","FA","25","","1,000,000","MIN","17.72",".375","0.3",".733","3.2","1.0","0.2","0.0","0.2","0.2"
"*01ng2*","Garrett Temple","(N/A)","SG,G","","525","FA","40","","1,000,000","MIN","17.7",".267","0.1",".667","0.8","0.4","0.4","0.2","0.1","0.3"
"*0015b*","Kyle Lowry","(N/A)","PG,G","","526","FA","40","","1,000,000","MIN","17.61",".160","0.3",".833","1.2","0.6","0.8","0.1","0.1","0.3"
"*06mlj*","Bobi Klintman","(N/A)","SF,PF,F","","528","FA","23","","1,500,000","MIN","17.5",".333","0.3",".000","1.8","1.6","0.5","0.3","0.0","0.5"
"*06mlt*","Antonio Reeves","(N/A)","SG,G,SF,F","","529","FA","25","","1,500,000","MIN","17.46",".500","0.7","0","2.7","0.8","0.3","0.1","0.0","0.1"
"*05yab*","Olivier Sarr","CLE","C","","530","FA","27","","1,000,000","MIN","17.41",".714","0.5",".400","3.5","2.8","1.3","0.5","0.8","0.5"
"*06ps5*","Jahmir Young","MIA","PG,G","","531","FA","25","","1,000,000","MIN","17.31",".400","0.2","1.000","1.8","0.3","0.6","0.1","0.0","0.2"
"*07232*","Lawson Lovering","(N/A)","C","","532","FA","23","","1,000,000","MIN","17.28",".600","0.0",".400","7.0","7.5","1.5","1.5","0.5","1.0"
"*06mmr*","Zyon Pullin","MIN","SG,G","","533","FA","25","","1,000,000","MIN","17.18",".692","0.2","1.000","4.6","0.6","1.8","0.2","0.0","0.6"
"*063u8*","Mouhamadou Gueye","(N/A)","PF,F","","534","FA","28","","1,000,000","MIN","17.04",".545","0.5",".750","8.0","3.0","3.0","1.0","0.5","1.5"
"*06mlw*","Enrique Freeman","MIN","PF,F","","535","FA","26","","1,000,000","MIN","17.04",".500","0.5",".750","3.3","2.5","0.5","0.5","0.8","0.5"
"*04exe*","Monte Morris","(N/A)","PG,G","","536","FA","31","","1,000,000","MIN","17.03",".350","0.3",".500","3.0","1.2","1.5","0.2","0.2","0.3"
"*06v81*","Johni Broome","LAC","PF,F,C","","537","FA","24","","1,000,000","MIN","16.96",".167","0.0",".333","0.9","1.5","0.4","0.3","0.2","0.3"
"*0722p*","Norchad Omier","LAC","SF,PF,F","","538","FA","25","","1,000,000","MIN","16.84",".700","0.0","1.000","2.8","1.2","0.3","0.2","0.0","0.0"
"*05ujk*","Dalano Banton","(N/A)","PG,SG,G","","539","FA","26","","1,000,000","MIN","16.79",".333","0.0","1.000","2.0","0.8","1.8","0.3","0.8","1.3"
"*06vxt*","Mark Sears","(N/A)","PG,G","","540","FA","24","","1,000,000","MIN","16.77",".462","0.6",".750","3.1","0.3","0.3","0.0","0.0","0.6"
"*049kf*","Mo Bamba","UTA","C","","541","FA","28","","1,000,000","MIN","16.77",".455","0.0","0","2.5","5.5","0.3","0.0","0.8","0.5"
"*06him*","Trey Jemison","TOR","C","","542","FA","26","","1,000,000","MIN","16.67",".600","0.0","1.000","1.0","1.4","0.4","0.1","0.2","0.8"
"*042np*","Skal Labissiere","(N/A)","PF,F,C","","543","FA","30","","1,000,000","MIN","16.66",".600","0.3","0","4.3","3.0","1.0","0.7","0.3","0.3"
"*06v8j*","John Tonje","POR","SG,G","","544","FA","25","","1,000,000","MIN","16.64",".286","0.5","1.000","2.5","1.0","0.3","0.3","0.0","0.0"
"*06pu0*","Emanuel Miller","(N/A)","PF,F","","545","FA","26","","1,000,000","MIN","16.6",".462","0.4",".500","3.0","0.6","0.8","0.4","0.0","0.0"
"*06mp0*","Isaiah Stevens","(N/A)","PG,G","","546","FA","25","","1,000,000","MIN","16.52",".429","0.0","1.000","3.3","1.0","3.3","1.7","0.0","0.7"
"*06z4q*","Chris Manon","LAL","SG,G","","547","FA","24","","1,000,000","MIN","16.45",".333","0.0",".750","0.8","1.1","0.3","0.6","0.2","0.1"
"*06vxw*","Hunter Dickinson","(N/A)","C","","548","FA","25","","1,000,000","MIN","16.41",".357","0.0","1.000","2.4","1.0","0.4","0.2","0.4","0.6"
"*051pg*","Cody Martin","(N/A)","SG,G,SF,PF,F","","549","FA","30","","1,000,000","MIN","16.34",".200","0.0",".500","1.8","3.5","0.5","1.0","0.5","1.0"
"*0621p*","Wendell Moore","DET","SG,G,SF,F","","550","FA","24","BOS Tue 12:00PM","1,000,000","MIN","16.34",".571","0.0","1.000","1.7","1.0","0.7","0.3","0.3","0.2"
"*05qu1*","James Wiseman","(N/A)","C","","551","FA","25","","1,000,000","MIN","16.29",".600","0.0",".500","3.3","2.0","0.8","0.0","0.3","1.3"
"*072ae*","Sean Pedulla","HOU","PG,G","","554","FA","23","","1,000,000","MIN","15.99",".333","0.4","0","1.9","0.4","0.7","0.0","0.0","0.1"
"*073rx*","Jayson Kent","POR","SF,F","","555","FA","24","","1,000,000","MIN","15.93",".571","0.2","1.000","2.0","1.0","0.0","0.2","0.2","0.0"
"*06vxy*","Vladislav Goldin","MIA","C","","556","FA","25","","1,000,000","MIN","15.91",".750","0.0","1.000","0.8","1.0","0.3","0.0","0.3","0.3"
"*06hdy*","Drew Peterson","(N/A)","PF,F","","557","FA","26","","1,000,000","MIN","15.89",".125","0.0",".500","0.8","1.5","0.3","0.5","0.2","0.0"
"*06mlv*","Tristen Newton","(N/A)","SG,G","","558","FA","25","","1,500,000","MIN","15.87",".444","2.0",".667","12.0","3.0","0.0","1.0","0.0","0.0"
"*06mmh*","Isaac Jones","DET","PF,F","","559","FA","26","BOS Tue 12:00PM","1,000,000","MIN","15.78",".429","0.0",".750","1.3","0.7","0.1","0.0","0.1","0.1"
"*06cde*","Chris Livingston","(N/A)","SF,F","","560","FA","22","","1,000,000","MIN","15.64",".571","0.0","1.000","3.0","1.0","0.3","0.3","0.0","0.0"
"*0622z*","Orlando Robinson","(N/A)","C","","562","FA","26","","1,000,000","MIN","15.53",".600","0.3","0","1.8","1.0","0.8","0.3","0.0","0.0"
"*06cep*","Jacob Toppin","(N/A)","SF,F","","563","FA","26","","1,000,000","MIN","15.44",".667","0.0","0","1.6","0.2","0.2","0.0","0.2","0.0"
"*06225*","Trevor Keels","MIA","SG,G","","564","FA","23","","1,000,000","MIN","15.29",".250","0.3","0","1.0","0.3","0.0","0.1","0.0","0.0"
"*06cp2*","Colin Castleton","ORL","C","","565","FA","26","","1,000,000","MIN","15.28",".400","0.0","1.000","1.3","2.0","0.3","0.3","0.0","0.5"
"*06va1*","Max Shulga","(N/A)","SG,G","","566","FA","24","","1,000,000","MIN","15.19",".250","0.1","1.000","0.6","0.5","0.2","0.1","0.0","0.3"
"*03acy*","Dario Saric","(N/A)","C","","567","FA","32","","1,000,000","MIN","15.15",".167","0.2","1.000","1.0","1.2","0.4","0.0","0.0","0.4"
"*074sv*","Hayden Gray","UTA","SG,G","","568","FA","23","","1,000,000","MIN","15.11",".667","0.0","1.000","6.0","0.0","1.0","1.0","1.0","1.0"
"*06gsd*","Alex Morales","ORL","PG,G","","569","FA","28","","1,000,000","MIN","15.08",".429","0.0","1.000","2.0","0.8","1.0","0.0","0.0","1.0"
"*06mm6*","N'Faly Dante","(N/A)","C","","570","FA","24","","1,000,000","MIN","15.06",".250","0.0","1.000","0.8","1.8","0.0","0.5","0.0","0.3"
"*06vxs*","Hunter Sallis","(N/A)","SG,G","","571","FA","23","","1,000,000","MIN","14.97",".600","0.0",".500","1.0","0.1","0.6","0.0","0.1","0.7"
"*049s6*","Markelle Fultz","(N/A)","PG,G","","572","FA","28","","1,000,000","MIN","14.93",".182","0.0","0","0.8","0.2","1.6","0.4","0.0","0.8"
"*062d2*","Buddy Boeheim","(N/A)","SF,F","","573","FA","26","","1,000,000","MIN","14.85",".333","0.5","0","1.5","0.0","0.0","0.0","0.0","0.0"
"*06pfe*","Trentyn Flowers","(N/A)","SF,F","","574","FA","21","","1,000,000","MIN","14.72",".667","0.0","0","2.0","0.5","0.5","0.0","0.0","0.5"
"*06cdj*","Colby Jones","(N/A)","SG,G","","575","FA","24","","1,000,000","MIN","14.66",".333","0.0","0","2.0","4.0","2.0","0.0","0.0","0.0"
"*07240*","Jahmyl Telfort","(N/A)","SF,PF,F","","576","FA","25","","1,000,000","MIN","14.66",".000","0.0",".250","0.1","0.4","0.1","0.1","0.0","0.1"
"*065ve*","Stanley Umude","(N/A)","SG,G","","577","FA","27","","1,000,000","MIN","14.58",".500","0.0","0","1.0","0.0","0.5","0.5","0.0","0.0"
"*06vy2*","Chucky Hepburn","TOR","PG,G","","578","FA","23","","1,000,000","MIN","14.49",".000","0.0","0","0.0","0.5","1.0","0.5","0.0","0.5"
"*06hfc*","Tosan Evbuomwan","(N/A)","SF,F","","580","FA","25","","1,000,000","MIN","14.38",".000","0.0","0","0.0","0.4","0.0","0.0","0.0","0.0"
"*0729e*","Darius Brown","(N/A)","PG,SG,G","","581","FA","27","","1,000,000","MIN","14.34",".000","0.0","0","0.0","1.0","0.0","0.0","0.0","0.0"
"*063e4*","Awudu Abass","(N/A)","PF,F","","582","FA","33","","1,000,000","MIN","0","0","0","0","0","0","0","0","0","0"
"*06ptq*","Max Abmas","(N/A)","PG,G","","583","FA","25","","1,000,000","MIN","0","0","0","0","0","0","0","0","0","0"
"*031mi*","lex Abrines","(N/A)","SG,G,SF,F","","584","FA","33","","1,000,000","MIN","0","0","0","0","0","0","0","0","0","0"
"*02ng1*","Quincy Acy","(N/A)","SF,PF,F","","586","FA","35","","1,000,000","MIN","0","0","0","0","0","0","0","0","0","0"
"*059ch*","Jalen Adams","(N/A)","PG,G","","587","FA","30","","1,000,000","MIN","0","0","0","0","0","0","0","0","0","0"
"*04rvy*","Jaylen Adams","(N/A)","PG,G","","588","FA","30","","1,000,000","MIN","0","0","0","0","0","0","0","0","0","0"
"*03e6q*","Jordan Adams","(N/A)","SG,G","","589","FA","32","","1,000,000","MIN","0","0","0","0","0","0","0","0","0","0"
"*06238*","Jalen Adaway","(N/A)","SG,G","","590","FA","28","","1,000,000","MIN","0","0","0","0","0","0","0","0","0","0"
"*04vxy*","Deng Adel","(N/A)","C","","591","FA","29","","1,000,000","MIN","0","0","0","0","0","0","0","0","0","0"
"*06mlx*","Melvin Ajinca","(N/A)","SF,PF,F","","593","FA","22","","1,500,000","MIN","0","0","0","0","0","0","0","0","0","0"
"*06pw4*","James Akinjo","(N/A)","PG,SG,G","","594","FA","25","","1,000,000","MIN","0","0","0","0","0","0","0","0","0","0"
"*072ah*","Jaden Akins","(N/A)","SG,G","","595","FA","0","","1,000,000","MIN","0","0","0","0","0","0","0","0","0","0"
"*04uq3*","DeVaughn Akoon-Purcell","(N/A)","PG,G","","596","FA","33","","1,000,000","MIN","0","0","0","0","0","0","0","0","0","0"
"*02ngh*","Furkan Aldemir","(N/A)","PF,F","","597","FA","35","","1,000,000","MIN","0","0","0","0","0","0","0","0","0","0"
"*03acw*","Cliff Alexander","(N/A)","PF,F","","598","FA","30","","1,000,000","MIN","0","0","0","0","0","0","0","0","0","0"
"*052h3*","Kyle Alexander","(N/A)","PF,F","","599","FA","29","","1,000,000","MIN","0","0","0","0","0","0","0","0","0","0"
"*05qvw*","Ty-Shon Alexander","(N/A)","SG,G","","600","FA","28","","1,000,000","MIN","0","0","0","0","0","0","0","0","0","0"
"*04lcd*","Bryce Alford","(N/A)","PG,G","","601","FA","31","","1,000,000","MIN","0","0","0","0","0","0","0","0","0","0"
"*04sxx*","Rawle Alkins","(N/A)","SG,G","","602","FA","28","","1,000,000","MIN","0","0","0","0","0","0","0","0","0","0"
"*04exg*","Kadeem Allen","NY","SG,G","","603","FA","33","PHI Tue 4:00PM","1,000,000","MIN","0","0","0","0","0","0","0","0","0","0"
"*059z0*","Marcus Allen","(N/A)","PG,G","","604","FA","31","","1,000,000","MIN","0","0","0","0","0","0","0","0","0","0"
"*06ho3*","Timmy Allen","(N/A)","SF,F","","605","FA","26","","1,000,000","MIN","0","0","0","0","0","0","0","0","0","0"
"*05wvw*","Derrick Alston","(N/A)","SG,G,SF,F","","606","FA","28","","1,000,000","MIN","0","0","0","0","0","0","0","0","0","0"
"*06mos*","Keve Aluma","(N/A)","SF,PF,F","","607","FA","27","","1,000,000","MIN","0","0","0","0","0","0","0","0","0","0"
"*01uyk*","Al-Farouq Aminu","(N/A)","SF,PF,F","","609","FA","35","","1,000,000","MIN","0","0","0","0","0","0","0","0","0","0"
"*03nwr*","Justin Anderson","(N/A)","SG,G,SF,F","","611","FA","32","","1,000,000","MIN","0","0","0","0","0","0","0","0","0","0"
"*0480b*","Andrew Andrews","(N/A)","PG,G","","612","FA","33","","1,000,000","MIN","0","0","0","0","0","0","0","0","0","0"
"*04xgi*","Braian Angola-Rodas","(N/A)","SG,G","","613","FA","32","","1,000,000","MIN","0","0","0","0","0","0","0","0","0","0"
"*04exa*","Ike Anigbogu","(N/A)","C","","614","FA","27","","1,000,000","MIN","0","0","0","0","0","0","0","0","0","0"
"*04qt0*","Kostas Antetokounmpo","(N/A)","PF,F","","615","FA","28","","1,000,000","MIN","0","0","0","0","0","0","0","0","0","0"
"*03kqq*","Keith Appling","(N/A)","PG,G","","616","FA","34","","1,000,000","MIN","0","0","0","0","0","0","0","0","0","0"
"*043un*","Ryan Arcidiacono","(N/A)","PG,G","","617","FA","32","","1,000,000","MIN","0","0","0","0","0","0","0","0","0","0"
"*065vb*","Adonis Arms","(N/A)","SF,PF,F","","618","FA","28","","1,000,000","MIN","0","0","0","0","0","0","0","0","0","0"
"*06rph*","Taran Armstrong","(N/A)","PG,G","","619","FA","24","","1,000,000","MIN","0","0","0","0","0","0","0","0","0","0"
"*04k0p*","Jamel Artis","(N/A)","SF,F","","620","FA","33","","1,000,000","MIN","0","0","0","0","0","0","0","0","0","0"
"*03sgl*","Brandon Ashley","(N/A)","PF,F","","621","FA","32","","1,000,000","MIN","0","0","0","0","0","0","0","0","0","0"
"*03whv*","Darion Atkins","(N/A)","PF,F","","622","FA","33","","1,000,000","MIN","0","0","0","0","0","0","0","0","0","0"
"*03xmr*","Eric Atkins","(N/A)","PG,G","","623","FA","34","","1,000,000","MIN","0","0","0","0","0","0","0","0","0","0"
"*06hin*","Chase Audige","(N/A)","PG,SG,G","","624","FA","27","","1,000,000","MIN","0","0","0","0","0","0","0","0","0","0"
"*0483i*","Zach Auguste","(N/A)","PF,F","","625","FA","33","","1,000,000","MIN","0","0","0","0","0","0","0","0","0","0"
"*0723g*","Zack Austin","(N/A)","SG,G,SF,PF,F","","626","FA","25","","1,000,000","MIN","0","0","0","0","0","0","0","0","0","0"
"*06mod*","Luke Avdalovic","(N/A)","PG,G","","627","FA","27","","1,000,000","MIN","0","0","0","0","0","0","0","0","0","0"
"*048zw*","J.J. Avila","(N/A)","SF,F","","628","FA","34","","1,000,000","MIN","0","0","0","0","0","0","0","0","0","0"
"*076uo*","Tobe Awaka","CHI","PF,F","R","629","FA","22","","1,000,000","MIN","0","0","0","0","0","0","0","0","0","0"
"*05uur*","Joel Ayayi","(N/A)","SG,G","","630","FA","26","","1,000,000","MIN","0","0","0","0","0","0","0","0","0","0"
"*05qu5*","Udoka Azubuike","(N/A)","C","","631","FA","26","","1,000,000","MIN","0","0","0","0","0","0","0","0","0","0"
"*059dn*","Yudai Baba","(N/A)","SF,F","","632","FA","30","","1,000,000","MIN","0","0","0","0","0","0","0","0","0","0"
"*03wr5*","Jordan Bachynski","(N/A)","C","","633","FA","36","","1,000,000","MIN","0","0","0","0","0","0","0","0","0","0"
"*04ex3*","Dwayne Bacon","(N/A)","SG,G","","634","FA","31","","1,000,000","MIN","0","0","0","0","0","0","0","0","0","0"
"*06pvx*","Armando Bacot","(N/A)","SF,PF,F,C","","635","FA","26","","1,000,000","MIN","0","0","0","0","0","0","0","0","0","0"
"*065b6*","Ibou Badji","(N/A)","C","","636","FA","23","","1,000,000","MIN","0","0","0","0","0","0","0","0","0","0"
"*06rui*","Marcus Bagley","(N/A)","SF,F","","637","FA","24","","1,000,000","MIN","0","0","0","0","0","0","0","0","0","0"
"*06cdb*","Amari Bailey","(N/A)","PG,G","","638","FA","22","","1,000,000","MIN","0","0","0","0","0","0","0","0","0","0"
"*03e7c*","Cameron Bairstow","(N/A)","PF,F,C","","639","FA","35","","1,000,000","MIN","0","0","0","0","0","0","0","0","0","0"
"*043ck*","Ron Baker","(N/A)","PG,SG,G","","640","FA","33","","1,000,000","MIN","0","0","0","0","0","0","0","0","0","0"
"*048zq*","Gracin Bakumanya","(N/A)","C","","641","FA","29","","1,000,000","MIN","0","0","0","0","0","0","0","0","0","0"
"*042nc*","Wade Baldwin IV","(N/A)","PG,G","","642","FA","30","","1,000,000","MIN","0","0","0","0","0","0","0","0","0","0"
"*05qz3*","LiAngelo Ball","(N/A)","SG,G","","643","FA","27","","1,000,000","MIN","0","0","0","0","0","0","0","0","0","0"
"*05wql*","Mitch Ballock","(N/A)","SG,G","","644","FA","28","","1,000,000","MIN","0","0","0","0","0","0","0","0","0","0"
"*0440z*","Ondrej Balvin","(N/A)","C","","645","FA","33","","1,000,000","MIN","0","0","0","0","0","0","0","0","0","0"
"*05xo0*","James Banks","(N/A)","C","","646","FA","28","","1,000,000","MIN","0","0","0","0","0","0","0","0","0","0"
"*04804*","Anthony Barber","(N/A)","PG,G","","647","FA","32","","1,000,000","MIN","0","0","0","0","0","0","0","0","0","0"
"*04xhp*","Jaylen Barford","(N/A)","PG,G","","648","FA","30","","1,000,000","MIN","0","0","0","0","0","0","0","0","0","0"
"*04vy3*","Jordan Barnett","(N/A)","SF,F","","649","FA","30","","1,000,000","MIN","0","0","0","0","0","0","0","0","0","0"
"*02ng4*","Will Barton","(N/A)","SG,G","","650","FA","35","","1,000,000","MIN","0","0","0","0","0","0","0","0","0","0"
"*05ybb*","Paris Bass","(N/A)","SF,F","","651","FA","31","","1,000,000","MIN","0","0","0","0","0","0","0","0","0","0"
"*0725e*","Daniel Batcho","(N/A)","SF,PF,F","","652","FA","24","","1,000,000","MIN","0","0","0","0","0","0","0","0","0","0"
"*06cd3*","Emoni Bates","(N/A)","SF,F","","653","FA","22","","1,000,000","MIN","0","0","0","0","0","0","0","0","0","0"
"*06y0j*","Tamar Bates","UTA","SG,G","","654","FA","23","","1,000,000","MIN","0","0","0","0","0","0","0","0","0","0"
"*04qso*","Keita Bates-Diop","(N/A)","SF,F","","655","FA","30","","1,000,000","MIN","0","0","0","0","0","0","0","0","0","0"
"*06mnw*","RaeQuan Battle","(N/A)","PG,SG,G","","656","FA","25","","1,000,000","MIN","0","0","0","0","0","0","0","0","0","0"
"*059vt*","Tyus Battle","(N/A)","SG,G","","657","FA","28","","1,000,000","MIN","0","0","0","0","0","0","0","0","0","0"
"*03ku0*","Kadeem Batts","(N/A)","PF,F","","658","FA","35","","1,000,000","MIN","0","0","0","0","0","0","0","0","0","0"
"*06hfb*","Damion Baugh","(N/A)","SG,G","","659","FA","26","","1,000,000","MIN","0","0","0","0","0","0","0","0","0","0"
"*05xp2*","Troy Baxter","(N/A)","SF,F","","660","FA","30","","1,000,000","MIN","0","0","0","0","0","0","0","0","0","0"
"*02qe4*","Kent Bazemore","(N/A)","SG,G,SF,F","","661","FA","37","","1,000,000","MIN","0","0","0","0","0","0","0","0","0","0"
"*051p3*","Darius Bazley","(N/A)","PF,F","","662","FA","26","","1,000,000","MIN","0","0","0","0","0","0","0","0","0","0"
"*04jw6*","V.J. Beachem","(N/A)","SF,F","","663","FA","31","","1,000,000","MIN","0","0","0","0","0","0","0","0","0","0"
"*065uu*","Justin Bean","(N/A)","SF,PF,F","","664","FA","29","","1,000,000","MIN","0","0","0","0","0","0","0","0","0","0"
"*042ne*","Malik Beasley","(N/A)","SG,G","","665","FA","29","","1,000,000","MIN","0","0","0","0","0","0","0","0","0","0"
"*06he2*","Charles Bediako","(N/A)","C","","666","FA","24","","1,000,000","MIN","0","0","0","0","0","0","0","0","0","0"
"*06mmb*","Reece Beekman","(N/A)","PG,G","","667","FA","24","","1,000,000","MIN","0","0","0","0","0","0","0","0","0","0"
"*05ujj*","Juhann Begarin","(N/A)","PG,SG,G","","668","FA","24","","1,000,000","MIN","0","0","0","0","0","0","0","0","0","0"
"*04ex1*","Jordan Bell","(N/A)","C","","669","FA","31","","1,000,000","MIN","0","0","0","0","0","0","0","0","0","0"
"*042ng*","DeAndre' Bembry","(N/A)","SF,PF,F","","670","FA","32","","1,000,000","MIN","0","0","0","0","0","0","0","0","0","0"
"*03xmu*","Dragan Bender","GS","PF,F,C","","671","FA","28","","1,000,000","MIN","0","0","0","0","0","0","0","0","0","0"
"*03kuc*","Jerrelle Benimon","(N/A)","PF,F","","672","FA","35","","1,000,000","MIN","0","0","0","0","0","0","0","0","0","0"
"*031lo*","Anthony Bennett","(N/A)","SF,PF,F","","673","FA","33","","1,000,000","MIN","0","0","0","0","0","0","0","0","0","0"
"*042oa*","Ben Bentil","DAL","SF,PF,F","","674","FA","31","","1,000,000","MIN","0","0","0","0","0","0","0","0","0","0"
"*065vd*","Jules Bernard","(N/A)","SG,G","","675","FA","26","","1,000,000","MIN","0","0","0","0","0","0","0","0","0","0"
"*04vu0*","Joel Berry II","(N/A)","PG,G","","676","FA","31","","1,000,000","MIN","0","0","0","0","0","0","0","0","0","0"
"*04yvw*","Dairis Bertans","(N/A)","SG,G","","677","FA","36","","1,000,000","MIN","0","0","0","0","0","0","0","0","0","0"
"*027pt*","Davis Bertans","(N/A)","PF,F","","678","FA","33","","1,000,000","MIN","0","0","0","0","0","0","0","0","0","0"
"*059fs*","Javon Bess","(N/A)","SG,G","","679","FA","30","","1,000,000","MIN","0","0","0","0","0","0","0","0","0","0"
"*0622l*","Hugo Besson","(N/A)","PG,G","","680","FA","25","","1,000,000","MIN","0","0","0","0","0","0","0","0","0","0"
"*05qss*","Tyler Bey","(N/A)","SF,F","","681","FA","28","","1,000,000","MIN","0","0","0","0","0","0","0","0","0","0"
"*05xo5*","Giorgi Bezhanishvili","(N/A)","PF,F","","682","FA","27","","1,000,000","MIN","0","0","0","0","0","0","0","0","0","0"
"*03iy1*","Sim Bhullar","(N/A)","C","","683","FA","33","","1,000,000","MIN","0","0","0","0","0","0","0","0","0","0"
"*04xif*","Justin Bibbs","(N/A)","SG,G","","684","FA","30","","1,000,000","MIN","0","0","0","0","0","0","0","0","0","0"
"*06cdi*","Tarik Biberovic","DAL","SF,F","R","685","FA","25","","1,000,000","MIN","0","0","0","0","0","0","0","0","0","0"
"*059ci*","Kavell Bigby-Williams","(N/A)","C","","686","FA","30","","1,000,000","MIN","0","0","0","0","0","0","0","0","0","0"
"*065h6*","Marcus Bingham","(N/A)","SF,PF,F","","688","FA","26","","1,000,000","MIN","0","0","0","0","0","0","0","0","0","0"
"*03kdj*","Khem Birch","(N/A)","C","","689","FA","33","","1,000,000","MIN","0","0","0","0","0","0","0","0","0","0"
"*04exj*","Jabari Bird","(N/A)","SG,G","","690","FA","32","","1,000,000","MIN","0","0","0","0","0","0","0","0","0","0"
"*06dq7*","Onuralp Bitim","(N/A)","SG,G","","691","FA","27","","1,000,000","MIN","0","0","0","0","0","0","0","0","0","0"
"*03jr4*","Tarik Black","(N/A)","PF,F,C","","692","FA","34","","1,000,000","MIN","0","0","0","0","0","0","0","0","0","0"
"*04fke*","James Blackmon Jr.","(N/A)","SG,G","","693","FA","31","","1,000,000","MIN","0","0","0","0","0","0","0","0","0","0"
"*04ggl*","Antonio Blakeney","(N/A)","PG,G","","694","FA","29","","1,000,000","MIN","0","0","0","0","0","0","0","0","0","0"
"*01uyx*","Eric Bledsoe","(N/A)","PG,G","","695","FA","36","","1,000,000","MIN","0","0","0","0","0","0","0","0","0","0"
"*059q8*","Keljin Blevins","(N/A)","SG,G","","696","FA","30","","1,000,000","MIN","0","0","0","0","0","0","0","0","0","0"
"*04exm*","Jaron Blossomgame","(N/A)","SF,F","","697","FA","32","","1,000,000","MIN","0","0","0","0","0","0","0","0","0","0"
"*0393h*","Vander Blue","(N/A)","PG,G","","698","FA","34","","1,000,000","MIN","0","0","0","0","0","0","0","0","0","0"
"*04sax*","Trevon Bluiett","(N/A)","PG,SG,G","","699","FA","31","","1,000,000","MIN","0","0","0","0","0","0","0","0","0","0"
"*059y5*","Bennie Boatwright","(N/A)","PF,F","","700","FA","30","","1,000,000","MIN","0","0","0","0","0","0","0","0","0","0"
"*051po*","Bol Bol","(N/A)","PF,F,C","","701","FA","26","","1,000,000","MIN","0","0","0","0","0","0","0","0","0","0"
"*04ewz*","Jonah Bolden","(N/A)","PF,F","","702","FA","30","","1,000,000","MIN","0","0","0","0","0","0","0","0","0","0"
"*059q2*","Marques Bolden","(N/A)","C","","703","FA","28","","1,000,000","MIN","0","0","0","0","0","0","0","0","0","0"
"*05qsw*","Leandro Bolmaro","(N/A)","SG,G","","704","FA","25","","1,000,000","MIN","0","0","0","0","0","0","0","0","0","0"
"*042ob*","Joel Bolomboy","(N/A)","PF,F","","705","FA","32","","1,000,000","MIN","0","0","0","0","0","0","0","0","0","0"
"*04xmx*","Tim Bond","(N/A)","SG,G","","706","FA","31","","1,000,000","MIN","0","0","0","0","0","0","0","0","0","0"
"*051q1*","Jordan Bone","(N/A)","PG,G","","707","FA","28","","1,000,000","MIN","0","0","0","0","0","0","0","0","0","0"
"*04qsg*","Isaac Bonga","(N/A)","SG,G","","708","FA","26","","1,000,000","MIN","0","0","0","0","0","0","0","0","0","0"
"*059gh*","Phil Booth","(N/A)","PG,G","","709","FA","30","","1,000,000","MIN","0","0","0","0","0","0","0","0","0","0"
"*05ujp*","Brandon Boston","(N/A)","SG,G,SF,F","","711","FA","24","","1,000,000","MIN","0","0","0","0","0","0","0","0","0","0"
"*05uil*","James Bouknight","(N/A)","SG,G","","713","FA","25","","1,000,000","MIN","0","0","0","0","0","0","0","0","0","0"
"*06exl*","Souley Boum","(N/A)","PG,G","","714","FA","27","","1,000,000","MIN","0","0","0","0","0","0","0","0","0","0"
"*05qyz*","Jordan Bowden","(N/A)","SG,G","","715","FA","29","","1,000,000","MIN","0","0","0","0","0","0","0","0","0","0"
"*059ce*","Brian Bowen","(N/A)","SG,G,SF,F","","716","FA","27","","1,000,000","MIN","0","0","0","0","0","0","0","0","0","0"
"*059fx*","Ky Bowman","(N/A)","PG,G","","717","FA","29","","1,000,000","MIN","0","0","0","0","0","0","0","0","0","0"
"*01uyd*","Avery Bradley","(N/A)","SG,G","","718","FA","35","","1,000,000","MIN","0","0","0","0","0","0","0","0","0","0"
"*06mnu*","Pedro Bradshaw","(N/A)","SF,PF,F","","720","FA","27","","1,000,000","MIN","0","0","0","0","0","0","0","0","0","0"
"*051pu*","Jarrell Brantley","(N/A)","PF,F","","721","FA","30","","1,000,000","MIN","0","0","0","0","0","0","0","0","0","0"
"*051pr*","Ignas Brazdeikis","(N/A)","SF,F","","722","FA","27","","1,000,000","MIN","0","0","0","0","0","0","0","0","0","0"
"*06mma*","Jalen Bridges","(N/A)","SF,F","","724","FA","25","","1,500,000","MIN","0","0","0","0","0","0","0","0","0","0"
"*04lbx*","Amida Brimah","(N/A)","C","","725","FA","32","","1,000,000","MIN","0","0","0","0","0","0","0","0","0","0"
"*04l1o*","Isaiah Briscoe","(N/A)","PG,G","","726","FA","30","","1,000,000","MIN","0","0","0","0","0","0","0","0","0","0"
"*059ca*","Oshae Brissett","(N/A)","SF,F","","727","FA","28","","1,000,000","MIN","0","0","0","0","0","0","0","0","0","0"
"*064s9*","Izaiah Brockington","(N/A)","PG,G","","728","FA","27","","1,000,000","MIN","0","0","0","0","0","0","0","0","0","0"
"*04tk0*","Ryan Broekhoff","(N/A)","SG,G,SF,F","","729","FA","36","","1,000,000","MIN","0","0","0","0","0","0","0","0","0","0"
"*042nw*","Malcolm Brogdon","(N/A)","PG,G","","730","FA","33","","1,000,000","MIN","0","0","0","0","0","0","0","0","0","0"
"*058n6*","Armoni Brooks","(N/A)","PG,G","","731","FA","28","","1,000,000","MIN","0","0","0","0","0","0","0","0","0","0"
"*0666f*","Eli Brooks","(N/A)","PG,SG,G","","732","FA","27","","1,000,000","MIN","0","0","0","0","0","0","0","0","0","0"
"*065us*","Garrison Brooks","(N/A)","SF,PF,F,C","","733","FA","27","","1,000,000","MIN","0","0","0","0","0","0","0","0","0","0"
"*06pty*","Keion Brooks","(N/A)","SF,F","","734","FA","26","","1,000,000","MIN","0","0","0","0","0","0","0","0","0","0"
"*059vu*","Barry Brown Jr.","(N/A)","PG,G","","735","FA","29","","1,000,000","MIN","0","0","0","0","0","0","0","0","0","0"
"*03e7d*","Alec Brown","(N/A)","C","","736","FA","34","","1,000,000","MIN","0","0","0","0","0","0","0","0","0","0"
"*03r7o*","Anthony Brown","(N/A)","SF,F","","737","FA","33","","1,000,000","MIN","0","0","0","0","0","0","0","0","0","0"
"*059g4*","Bryce Brown","(N/A)","PG,SG,G","","738","FA","29","","1,000,000","MIN","0","0","0","0","0","0","0","0","0","0"
"*059cd*","Charlie Brown","(N/A)","SG,G","","739","FA","29","","1,000,000","MIN","0","0","0","0","0","0","0","0","0","0"
"*05uut*","Chaundee Brown","(N/A)","SG,G","","740","FA","27","","1,000,000","MIN","0","0","0","0","0","0","0","0","0","0"
"*063cz*","Gabe Brown","(N/A)","SF,PF,F","","741","FA","26","","1,000,000","MIN","0","0","0","0","0","0","0","0","0","0"
"*05ujh*","Greg Brown","(N/A)","PF,F","","742","FA","25","","1,000,000","MIN","0","0","0","0","0","0","0","0","0","0"
"*03kqr*","Jabari Brown","(N/A)","SG,G","","743","FA","33","","1,000,000","MIN","0","0","0","0","0","0","0","0","0","0"
"*0622b*","Kendall Brown","(N/A)","SG,G","","744","FA","23","","1,000,000","MIN","0","0","0","0","0","0","0","0","0","0"
"*031n2*","Lorenzo Brown","(N/A)","PG,G","","745","FA","36","","1,000,000","MIN","0","0","0","0","0","0","0","0","0","0"
"*03e78*","Markel Brown","(N/A)","SG,G","","747","FA","34","","1,000,000","MIN","0","0","0","0","0","0","0","0","0","0"
"*0598b*","Moses Brown","(N/A)","C","","749","FA","26","","1,000,000","MIN","0","0","0","0","0","0","0","0","0","0"
"*04ex9*","Sterling Brown","(N/A)","SG,G","","750","FA","31","","1,000,000","MIN","0","0","0","0","0","0","0","0","0","0"
"*078ev*","Terrell Brown","UTA","PG,SG,G","R","751","FA","28","","1,000,000","MIN","0","0","0","0","0","0","0","0","0","0"
"*0666e*","Tevin Brown","(N/A)","PG,SG,G","","752","FA","27","","1,000,000","MIN","0","0","0","0","0","0","0","0","0","0"
"*04qrs*","Troy Brown","(N/A)","SF,F","","753","FA","27","","1,000,000","MIN","0","0","0","0","0","0","0","0","0","0"
"*043vz*","Nicolas Brussino","(N/A)","SG,G,SF,F","","754","FA","33","","1,000,000","MIN","0","0","0","0","0","0","0","0","0","0"
"*05s01*","Elijah Bryant","(N/A)","SG,G,SF,F","","755","FA","31","","1,000,000","MIN","0","0","0","0","0","0","0","0","0","0"
"*05r0f*","Shaq Buchanan","(N/A)","PG,G","","756","FA","29","","1,000,000","MIN","0","0","0","0","0","0","0","0","0","0"
"*06qq7*","Boo Buie","(N/A)","PG,SG,G","","757","FA","26","","1,000,000","MIN","0","0","0","0","0","0","0","0","0","0"
"*031mc*","Reggie Bullock","(N/A)","SF,F","","758","FA","35","","1,000,000","MIN","0","0","0","0","0","0","0","0","0","0"
"*031lw*","Trey Burke","(N/A)","PG,G","","759","FA","33","","1,000,000","MIN","0","0","0","0","0","0","0","0","0","0"
"*027ov*","Alec Burks","(N/A)","SG,G","","760","FA","35","","1,000,000","MIN","0","0","0","0","0","0","0","0","0","0"
"*06mm9*","DJ Burns","(N/A)","SF,PF,F","","761","FA","25","","1,000,000","MIN","0","0","0","0","0","0","0","0","0","0"
"*05xok*","Jordan Burns","(N/A)","PG,G","","762","FA","29","","1,000,000","MIN","0","0","0","0","0","0","0","0","0","0"
"*03kt8*","Deonte Burton","(N/A)","PG,G","","764","FA","35","","1,000,000","MIN","0","0","0","0","0","0","0","0","0","0"
"*04rvx*","Deonte Burton","(N/A)","SG,G,SF,F","","765","FA","32","","1,000,000","MIN","0","0","0","0","0","0","0","0","0","0"
"*05uje*","Jared Butler","(N/A)","PG,SG,G","","767","FA","26","","1,000,000","MIN","0","0","0","0","0","0","0","0","0","0"
"*06mp1*","JC Butler","(N/A)","SF,PF,F","","766","FA","26","","1,000,000","MIN","0","0","0","0","0","0","0","0","0","0"
"*065vc*","John Butler","MIL","C","","768","FA","23","","1,000,000","MIN","0","0","0","0","0","0","0","0","0","0"
"*0728s*","Lamont Butler","(N/A)","PG,SG,G","","769","FA","24","","1,000,000","MIN","0","0","0","0","0","0","0","0","0","0"
"*03e6o*","Bruno Caboclo","(N/A)","SF,PF,F","","770","FA","30","","1,000,000","MIN","0","0","0","0","0","0","0","0","0","0"
"*059cc*","Devontae Cacok","(N/A)","PF,F","","771","FA","29","","1,000,000","MIN","0","0","0","0","0","0","0","0","0","0"
"*059q9*","Perrion Callandret","(N/A)","PG,G","","772","FA","31","","1,000,000","MIN","0","0","0","0","0","0","0","0","0","0"
"*05qv8*","Facundo Campazzo","(N/A)","PG,G","","773","FA","35","","1,000,000","MIN","0","0","0","0","0","0","0","0","0","0"
"*031mk*","Isaiah Canaan","MIL","PG,G","","774","FA","35","","1,000,000","MIN","0","0","0","0","0","0","0","0","0","0"
"*04exc*","Vlatko Cancar","(N/A)","PF,F","","775","FA","29","","1,000,000","MIN","0","0","0","0","0","0","0","0","0","0"
"*059vy*","Devin Cannady","(N/A)","PG,G","","776","FA","30","","1,000,000","MIN","0","0","0","0","0","0","0","0","0","0"
"*05qtn*","Vernon Carey","(N/A)","C","","777","FA","25","","1,000,000","MIN","0","0","0","0","0","0","0","0","0","0"
"*052u4*","Jordan Caroline","(N/A)","SF,F","","778","FA","30","","1,000,000","MIN","0","0","0","0","0","0","0","0","0","0"
"*04xl5*","Phillip Carr","(N/A)","PF,F","","780","FA","30","","1,000,000","MIN","0","0","0","0","0","0","0","0","0","0"
"*04qsr*","Tony Carr","(N/A)","PG,G","","781","FA","28","","1,000,000","MIN","0","0","0","0","0","0","0","0","0","0"
"*04vu1*","Jeffrey Carroll","(N/A)","SG,G","","782","FA","31","","1,000,000","MIN","0","0","0","0","0","0","0","0","0","0"
"*03x59*","Sampson Carter","(N/A)","PF,F","","783","FA","35","","1,000,000","MIN","0","0","0","0","0","0","0","0","0","0"
"*031ly*","Michael Carter-Williams","(N/A)","PG,G","","784","FA","34","","1,000,000","MIN","0","0","0","0","0","0","0","0","0","0"
"*05wvx*","D.J. Carton","(N/A)","SG,G","","785","FA","26","","1,000,000","MIN","0","0","0","0","0","0","0","0","0","0"
"*03wlh*","Kyle Casey","(N/A)","PF,F","","786","FA","36","","1,000,000","MIN","0","0","0","0","0","0","0","0","0","0"
"*076uq*","Rafael Castro","HOU","C","R","787","FA","23","","1,000,000","MIN","0","0","0","0","0","0","0","0","0","0"
"*03apz*","Willie Cauley-Stein","(N/A)","C","","788","FA","33","","1,000,000","MIN","0","0","0","0","0","0","0","0","0","0"
"*04kjg*","Troy Caupain","(N/A)","SG,G","","789","FA","30","","1,000,000","MIN","0","0","0","0","0","0","0","0","0","0"
"*04kpp*","Tyler Cavanaugh","(N/A)","PF,F,C","","790","FA","32","","1,000,000","MIN","0","0","0","0","0","0","0","0","0","0"
"*05qzv*","Ahmad Caver","(N/A)","PG,G","","791","FA","29","","1,000,000","MIN","0","0","0","0","0","0","0","0","0","0"
"*06cnb*","Malcolm Cazalon","(N/A)","SG,G","","792","FA","25","","1,000,000","MIN","0","0","0","0","0","0","0","0","0","0"
"*04xhq*","Joe Chealey","(N/A)","PG,G","","794","FA","30","","1,000,000","MIN","0","0","0","0","0","0","0","0","0","0"
"*0554x*","Zylan Cheatham","(N/A)","SF,F","","795","FA","30","","1,000,000","MIN","0","0","0","0","0","0","0","0","0","0"
"*03h91*","Will Cherry","(N/A)","PG,G","","796","FA","35","","1,000,000","MIN","0","0","0","0","0","0","0","0","0","0"
"*05qzi*","Yoeli Childs","(N/A)","SF,F","","797","FA","28","","1,000,000","MIN","0","0","0","0","0","0","0","0","0","0"
"*04xgm*","Chris Chiozza","(N/A)","PG,G","","798","FA","30","","1,000,000","MIN","0","0","0","0","0","0","0","0","0","0"
"*06mm3*","Ulrich Chomche","(N/A)","PF,F","","799","FA","20","","1,500,000","MIN","0","0","0","0","0","0","0","0","0","0"
"*042n5*","Marquese Chriss","(N/A)","PF,F","","800","FA","29","","1,000,000","MIN","0","0","0","0","0","0","0","0","0","0"
"*03r7q*","Rakeem Christmas","(N/A)","PF,F","","801","FA","34","","1,000,000","MIN","0","0","0","0","0","0","0","0","0","0"
"*05uiy*","Josh Christopher","(N/A)","SG,G","","802","FA","24","","1,000,000","MIN","0","0","0","0","0","0","0","0","0","0"
"*04ug6*","Gary Clark","(N/A)","SF,F","","803","FA","31","","1,000,000","MIN","0","0","0","0","0","0","0","0","0","0"
"*033h9*","Ian Clark","(N/A)","PG,SG,G","","804","FA","35","","1,000,000","MIN","0","0","0","0","0","0","0","0","0","0"
"*06hsm*","Kihei Clark","(N/A)","PG,G","","805","FA","26","","1,000,000","MIN","0","0","0","0","0","0","0","0","0","0"
"*03woy*","Coty Clarke","BOS","SF,F","","806","FA","34","@DET Tue 12:00PM","1,000,000","MIN","0","0","0","0","0","0","0","0","0","0"
"*04hot*","Gian Clavell","(N/A)","PG,G","","807","FA","32","","1,000,000","MIN","0","0","0","0","0","0","0","0","0","0"
"*0570u*","Chris Clemons","(N/A)","PG,SG,G","","808","FA","29","","1,000,000","MIN","0","0","0","0","0","0","0","0","0","0"
"*04laz*","Antonius Cleveland","(N/A)","SG,G","","809","FA","32","","1,000,000","MIN","0","0","0","0","0","0","0","0","0","0"
"*0722e*","Matthew Cleveland","(N/A)","PG,SG,G","","810","FA","23","","1,000,000","MIN","0","0","0","0","0","0","0","0","0","0"
"*05xac*","Matt Coleman","(N/A)","PG,G","","811","FA","28","","1,000,000","MIN","0","0","0","0","0","0","0","0","0","0"
"*06ho6*","Yuri Collins","(N/A)","PG,G","","812","FA","25","","1,000,000","MIN","0","0","0","0","0","0","0","0","0","0"
"*044ia*","Kyle Collinsworth","(N/A)","SG,G","","813","FA","34","","1,000,000","MIN","0","0","0","0","0","0","0","0","0","0"
"*04xhu*","Bonzie Colson","(N/A)","SF,F","","814","FA","30","","1,000,000","MIN","0","0","0","0","0","0","0","0","0","0"
"*06aw1*","Chance Comanche","(N/A)","C","","815","FA","30","","1,000,000","MIN","0","0","0","0","0","0","0","0","0","0"
"*06giy*","George Conditt","(N/A)","PF,F","","816","FA","26","","1,000,000","MIN","0","0","0","0","0","0","0","0","0","0"
"*0484m*","Elgin Cook","(N/A)","SF,F","","818","FA","33","","1,000,000","MIN","0","0","0","0","0","0","0","0","0","0"
"*05qzl*","Keandre Cook","(N/A)","SG,G","","819","FA","29","","1,000,000","MIN","0","0","0","0","0","0","0","0","0","0"
"*03xh1*","Quinn Cook","(N/A)","PG,G","","820","FA","33","","1,000,000","MIN","0","0","0","0","0","0","0","0","0","0"
"*057ot*","Tyler Cook","(N/A)","PF,F","","821","FA","28","","1,000,000","MIN","0","0","0","0","0","0","0","0","0","0"
"*048zr*","Derek Cooke Jr.","(N/A)","PF,F","","822","FA","35","","1,000,000","MIN","0","0","0","0","0","0","0","0","0","0"
"*04is9*","Charles Cooke","MIA","SG,G","","823","FA","32","","1,000,000","MIN","0","0","0","0","0","0","0","0","0","0"
"*06ajv*","Xavier Cooks","(N/A)","PF,F","","824","FA","31","","1,000,000","MIN","0","0","0","0","0","0","0","0","0","0"
"*03j8m*","Jack Cooley","(N/A)","PF,F,C","","825","FA","35","","1,000,000","MIN","0","0","0","0","0","0","0","0","0","0"
"*042oc*","Petr Cornelie","(N/A)","PF,F","","828","FA","31","","1,000,000","MIN","0","0","0","0","0","0","0","0","0","0"
"*04838*","Matt Costello","(N/A)","PF,F","","829","FA","33","","1,000,000","MIN","0","0","0","0","0","0","0","0","0","0"
"*03i9w*","Bryce Cotton","(N/A)","PG,G","","830","FA","34","","1,000,000","MIN","0","0","0","0","0","0","0","0","0","0"
"*06ceg*","Ricky Council","(N/A)","SF,PF,F","","831","FA","25","","1,000,000","MIN","0","0","0","0","0","0","0","0","0","0"
"*01uz3*","DeMarcus Cousins","(N/A)","C","","832","FA","36","","1,000,000","MIN","0","0","0","0","0","0","0","0","0","0"
"*042oi*","Isaiah Cousins","(N/A)","SG,G","","833","FA","32","","1,000,000","MIN","0","0","0","0","0","0","0","0","0","0"
"*049lf*","Jaleel Cousins","(N/A)","C","","834","FA","32","","1,000,000","MIN","0","0","0","0","0","0","0","0","0","0"
"*038xi*","Robert Covington","(N/A)","SF,F","","835","FA","35","","1,000,000","MIN","0","0","0","0","0","0","0","0","0","0"
"*031mh*","Allen Crabbe","(N/A)","SG,G,SF,F","","836","FA","34","","1,000,000","MIN","0","0","0","0","0","0","0","0","0","0"
"*03jvr*","Aaron Craft","(N/A)","PG,G","","837","FA","35","","1,000,000","MIN","0","0","0","0","0","0","0","0","0","0"
"*04jw5*","Torrey Craig","(N/A)","SF,F","","838","FA","35","","1,000,000","MIN","0","0","0","0","0","0","0","0","0","0"
"*03ktw*","Chris Crawford","(N/A)","SG,G","","839","FA","33","","1,000,000","MIN","0","0","0","0","0","0","0","0","0","0"
"*03ku1*","Drew Crawford","(N/A)","SG,G","","840","FA","35","","1,000,000","MIN","0","0","0","0","0","0","0","0","0","0"
"*04xjp*","Mitch Creek","(N/A)","SG,G","","841","FA","34","","1,000,000","MIN","0","0","0","0","0","0","0","0","0","0"
"*06mnx*","Kevin Cross","(N/A)","SF,PF,F","","842","FA","26","","1,000,000","MIN","0","0","0","0","0","0","0","0","0","0"
"*02nfy*","Jae Crowder","(N/A)","PF,F","","843","FA","36","","1,000,000","MIN","0","0","0","0","0","0","0","0","0","0"
"*0723e*","Steven Crowl","(N/A)","SF,PF,F","","844","FA","25","","1,000,000","MIN","0","0","0","0","0","0","0","0","0","0"
"*05xni*","Jalen Crutcher","(N/A)","PG,G","","845","FA","27","","1,000,000","MIN","0","0","0","0","0","0","0","0","0","0"
"*06ppp*","Yongxi Cui","(N/A)","SG,G","","846","FA","23","","1,000,000","MIN","0","0","0","0","0","0","0","0","0","0"
"*05xp3*","Derek Culver","(N/A)","C","","847","FA","28","","1,000,000","MIN","0","0","0","0","0","0","0","0","0","0"
"*051om*","Jarrett Culver","(N/A)","SG,G","","848","FA","27","","1,000,000","MIN","0","0","0","0","0","0","0","0","0","0"
"*05ya0*","Jarron Cumberland","(N/A)","SG,G","","849","FA","28","","1,000,000","MIN","0","0","0","0","0","0","0","0","0","0"
"*03woc*","Will Cummings","(N/A)","PG,G","","850","FA","33","","1,000,000","MIN","0","0","0","0","0","0","0","0","0","0"
"*02nfo*","Jared Cunningham","(N/A)","PG,SG,G","","851","FA","35","","1,000,000","MIN","0","0","0","0","0","0","0","0","0","0"
"*0392h*","Olek Czyz","(N/A)","SF,F","","852","FA","36","","1,000,000","MIN","0","0","0","0","0","0","0","0","0","0"
"*07244*","Dain Dainja","(N/A)","SF,PF,F","","853","FA","24","","1,000,000","MIN","0","0","0","0","0","0","0","0","0","0"
"*06cen*","Caleb Daniels","(N/A)","SG,G","","854","FA","27","","1,000,000","MIN","0","0","0","0","0","0","0","0","0","0"
"*0393p*","Troy Daniels","(N/A)","PG,SG,G","","855","FA","35","","1,000,000","MIN","0","0","0","0","0","0","0","0","0","0"
"*05qyr*","Nate Darling","(N/A)","SG,G","","856","FA","28","","1,000,000","MIN","0","0","0","0","0","0","0","0","0","0"
"*038i9*","Brandon Davies","(N/A)","PF,F","","857","FA","35","","1,000,000","MIN","0","0","0","0","0","0","0","0","0","0"
"*06hf9*","Antoine Davis","(N/A)","PG,G","","858","FA","27","","1,000,000","MIN","0","0","0","0","0","0","0","0","0","0"
"*042ns*","Deyonta Davis","(N/A)","PF,F","","859","FA","29","","1,000,000","MIN","0","0","0","0","0","0","0","0","0","0"
"*0724o*","Johnell Davis","(N/A)","PG,SG,G","","860","FA","0","","1,000,000","MIN","0","0","0","0","0","0","0","0","0","0"
"*06219*","Johnny Davis","(N/A)","SG,G","","861","FA","24","","1,000,000","MIN","0","0","0","0","0","0","0","0","0","0"
"*059u3*","Jon Davis","(N/A)","PG,G","","862","FA","29","","1,000,000","MIN","0","0","0","0","0","0","0","0","0","0"
"*06hdx*","Kendric Davis","(N/A)","PG,G","","863","FA","27","","1,000,000","MIN","0","0","0","0","0","0","0","0","0","0"
"*06z7u*","RJ Davis","(N/A)","PG,SG,G","","864","FA","24","","1,000,000","MIN","0","0","0","0","0","0","0","0","0","0"
"*056aq*","Terence Davis","(N/A)","SG,G","","865","FA","29","","1,000,000","MIN","0","0","0","0","0","0","0","0","0","0"
"*04vxz*","Tyler Davis","(N/A)","C","","866","FA","29","","1,000,000","MIN","0","0","0","0","0","0","0","0","0","0"
"*03kqm*","Andre Dawkins","BOS","SG,G","","867","FA","34","@DET Tue 12:00PM","1,000,000","MIN","0","0","0","0","0","0","0","0","0","0"
"*059cj*","Aubrey Dawkins","(N/A)","SG,G","","868","FA","31","","1,000,000","MIN","0","0","0","0","0","0","0","0","0","0"
"*03r89*","Branden Dawson","(N/A)","SF,PF,F","","869","FA","33","","1,000,000","MIN","0","0","0","0","0","0","0","0","0","0"
"*0483k*","Shawn Dawson","(N/A)","SF,F","","870","FA","32","","1,000,000","MIN","0","0","0","0","0","0","0","0","0","0"
"*062sp*","Darius Days","(N/A)","PF,F","","871","FA","26","","1,000,000","MIN","0","0","0","0","0","0","0","0","0","0"
"*04lcm*","George de Paula","(N/A)","PG,G","","1770","FA","30","","1,000,000","MIN","0","0","0","0","0","0","0","0","0","0"
"*05rk9*","Gabriel Deck","(N/A)","SF,PF,F","","874","FA","31","","1,000,000","MIN","0","0","0","0","0","0","0","0","0","0"
"*038xl*","Dewayne Dedmon","(N/A)","C","","875","FA","37","","1,000,000","MIN","0","0","0","0","0","0","0","0","0","0"
"*03ulp*","Bryce Dejean-Jones","NO","PG,SG,G","","876","FA","34","","1,000,000","MIN","0","0","0","0","0","0","0","0","0","0"
"*03byi*","Sam Dekker","(N/A)","SF,PF,F","","877","FA","32","","1,000,000","MIN","0","0","0","0","0","0","0","0","0","0"
"*05qys*","Javin DeLaurier","(N/A)","PF,F,C","","873","FA","28","","1,000,000","MIN","0","0","0","0","0","0","0","0","0","0"
"*04xhx*","Angel Delgado","(N/A)","C","","878","FA","31","","1,000,000","MIN","0","0","0","0","0","0","0","0","0","0"
"*038og*","Matthew Dellavedova","(N/A)","PG,G","","879","FA","35","","1,000,000","MIN","0","0","0","0","0","0","0","0","0","0"
"*06666*","Eric Demers","(N/A)","PG,SG,G","","880","FA","29","","1,000,000","MIN","0","0","0","0","0","0","0","0","0","0"
"*04z79*","Cody Demps","(N/A)","SG,G","","881","FA","32","","1,000,000","MIN","0","0","0","0","0","0","0","0","0","0"
"*06eo4*","Dexter Dennis","(N/A)","SG,G","","882","FA","27","","1,000,000","MIN","0","0","0","0","0","0","0","0","0","0"
"*04vy0*","Marcus Derrickson","(N/A)","PF,F","","883","FA","30","","1,000,000","MIN","0","0","0","0","0","0","0","0","0","0"
"*0623b*","Michael Devoe","(N/A)","SG,G","","884","FA","26","","1,000,000","MIN","0","0","0","0","0","0","0","0","0","0"
"*078v3*","Malik Dia","NO","PF,F","R","885","FA","22","","1,000,000","MIN","0","0","0","0","0","0","0","0","0","0"
"*05qvv*","Mamadi Diakite","(N/A)","PF,F","","886","FA","29","","1,000,000","MIN","0","0","0","0","0","0","0","0","0","0"
"*0779m*","Alpha Diallo","DEN","PG,SG,G","R","887","FA","29","","1,000,000","MIN","0","0","0","0","0","0","0","0","0","0"
"*03llu*","Cheick Diallo","(N/A)","PF,F,C","","888","FA","29","","1,000,000","MIN","0","0","0","0","0","0","0","0","0","0"
"*049sa*","Hamidou Diallo","(N/A)","SG,G","","889","FA","28","","1,000,000","MIN","0","0","0","0","0","0","0","0","0","0"
"*05qz6*","Lamine Diane","(N/A)","SF,PF,F","","890","FA","28","","1,000,000","MIN","0","0","0","0","0","0","0","0","0","0"
"*06mo7*","Mohamed Diarra","(N/A)","PF,F","","891","FA","25","","1,000,000","MIN","0","0","0","0","0","0","0","0","0","0"
"*031m8*","Gorgui Dieng","(N/A)","C","","892","FA","36","","1,000,000","MIN","0","0","0","0","0","0","0","0","0","0"
"*03e74*","Spencer Dinwiddie","(N/A)","PG,G","","893","FA","33","","1,000,000","MIN","0","0","0","0","0","0","0","0","0","0"
"*06222*","Khalifa Diop","CLE","C","R","894","FA","24","","1,000,000","MIN","0","0","0","0","0","0","0","0","0","0"
"*076u8*","Josh Dix","OKC","SG,G","R","895","FA","22","@SA Tue 6:30PM","1,000,000","MIN","0","0","0","0","0","0","0","0","0","0"
"*06vy1*","Eric Dixon","(N/A)","PF,F","","896","FA","25","","1,000,000","MIN","0","0","0","0","0","0","0","0","0","0"
"*06mlp*","Nikola Djurisic","(N/A)","SF,PF,F","","897","FA","22","","1,500,000","MIN","0","0","0","0","0","0","0","0","0","0"
"*06ptx*","Marcus Domask","(N/A)","SF,F","","898","FA","26","","1,000,000","MIN","0","0","0","0","0","0","0","0","0","0"
"*04ex4*","Tyler Dorsey","(N/A)","PG,SG,G","","900","FA","30","","1,000,000","MIN","0","0","0","0","0","0","0","0","0","0"
"*04ex7*","Damyean Dotson","(N/A)","SG,G","","901","FA","32","","1,000,000","MIN","0","0","0","0","0","0","0","0","0","0"
"*05qsu*","Devon Dotson","(N/A)","PG,SG,G","","902","FA","27","","1,000,000","MIN","0","0","0","0","0","0","0","0","0","0"
"*051ov*","Sekou Doumbouya","(N/A)","SF,PF,F","","903","FA","25","","1,000,000","MIN","0","0","0","0","0","0","0","0","0","0"
"*05wkd*","Jeff Dowtin","(N/A)","PG,G","","904","FA","29","","1,000,000","MIN","0","0","0","0","0","0","0","0","0","0"
"*04idm*","Milton Doyle","(N/A)","PG,G","","905","FA","32","","1,000,000","MIN","0","0","0","0","0","0","0","0","0","0"
"*04ik2*","PJ Dozier","(N/A)","SG,G","","906","FA","29","","1,000,000","MIN","0","0","0","0","0","0","0","0","0","0"
"*06gnm*","Henri Drell","(N/A)","SF,F","","907","FA","26","","1,000,000","MIN","0","0","0","0","0","0","0","0","0","0"
"*038xh*","Larry Drew II","NO","PG,G","","908","FA","36","","1,000,000","MIN","0","0","0","0","0","0","0","0","0","0"
"*05uin*","Chris Duarte","(N/A)","SG,G","","909","FA","29","","1,000,000","MIN","0","0","0","0","0","0","0","0","0","0"
"*06mmj*","Alex Ducas","(N/A)","SG,G,SF,F","","910","FA","25","","1,000,000","MIN","0","0","0","0","0","0","0","0","0","0"
"*03sdf*","Duje Dukan","(N/A)","SF,F","","911","FA","34","","1,000,000","MIN","0","0","0","0","0","0","0","0","0","0"
"*05wvu*","David Duke","(N/A)","SG,G","","912","FA","26","","1,000,000","MIN","0","0","0","0","0","0","0","0","0","0"
"*049pk*","Kellen Dunham","(N/A)","SG,G","","913","FA","33","","1,000,000","MIN","0","0","0","0","0","0","0","0","0","0"
"*064s8*","Anthony Duruji","(N/A)","SF,PF,F","","914","FA","28","","1,000,000","MIN","0","0","0","0","0","0","0","0","0","0"
"*049kg*","Trevon Duval","(N/A)","PG,G","","915","FA","28","","1,000,000","MIN","0","0","0","0","0","0","0","0","0","0"
"*03e70*","Cleanthony Early","(N/A)","SF,F","","917","FA","35","","1,000,000","MIN","0","0","0","0","0","0","0","0","0","0"
"*06mo6*","Sean East","(N/A)","PG,G","","918","FA","26","","1,000,000","MIN","0","0","0","0","0","0","0","0","0","0"
"*01uzb*","Devin Ebanks","(N/A)","SG,G,SF,F","","919","FA","36","","1,000,000","MIN","0","0","0","0","0","0","0","0","0","0"
"*05qxu*","Paul Eboua","(N/A)","SF,PF,F","","920","FA","26","","1,000,000","MIN","0","0","0","0","0","0","0","0","0","0"
"*05uxy*","Jaime Echenique","(N/A)","C","","921","FA","29","","1,000,000","MIN","0","0","0","0","0","0","0","0","0","0"
"*03ku7*","Jarell Eddie","(N/A)","SG,G","","922","FA","34","","1,000,000","MIN","0","0","0","0","0","0","0","0","0","0"
"*051pd*","Carsen Edwards","(N/A)","SG,G","","923","FA","28","","1,000,000","MIN","0","0","0","0","0","0","0","0","0","0"
"*06mq1*","Jesse Edwards","(N/A)","C","","924","FA","26","","1,000,000","MIN","0","0","0","0","0","0","0","0","0","0"
"*05uji*","Kessler Edwards","(N/A)","SF,PF,F","","925","FA","26","","1,000,000","MIN","0","0","0","0","0","0","0","0","0","0"
"*065b7*","Kyler Edwards","(N/A)","PG,SG,G","","926","FA","27","","1,000,000","MIN","0","0","0","0","0","0","0","0","0","0"
"*05xcl*","Rob Edwards","(N/A)","SG,G","","927","FA","29","","1,000,000","MIN","0","0","0","0","0","0","0","0","0","0"
"*04qss*","Vincent Edwards","(N/A)","SF,F","","928","FA","30","","1,000,000","MIN","0","0","0","0","0","0","0","0","0","0"
"*059g6*","John Egbunu","(N/A)","C","","929","FA","31","","1,000,000","MIN","0","0","0","0","0","0","0","0","0","0"
"*03wow*","Nnanna Egwu","(N/A)","C","","930","FA","33","","1,000,000","MIN","0","0","0","0","0","0","0","0","0","0"
"*03hz0*","Melvin Ejim","(N/A)","SF,PF,F","","931","FA","35","","1,000,000","MIN","0","0","0","0","0","0","0","0","0","0"
"*05quc*","CJ Elleby","(N/A)","SF,F","","933","FA","26","","1,000,000","MIN","0","0","0","0","0","0","0","0","0","0"
"*042nd*","Henry Ellenson","(N/A)","PF,F","","934","FA","29","","1,000,000","MIN","0","0","0","0","0","0","0","0","0","0"
"*06pw5*","Boogie Ellis","(N/A)","PG,G","","935","FA","25","","1,000,000","MIN","0","0","0","0","0","0","0","0","0","0"
"*048yi*","Perry Ellis","(N/A)","PF,F","","936","FA","32","","1,000,000","MIN","0","0","0","0","0","0","0","0","0","0"
"*05y9z*","Malik Ellison","(N/A)","PG,SG,G,SF,PF,F","","937","FA","30","","1,000,000","MIN","0","0","0","0","0","0","0","0","0","0"
"*031n0*","James Ennis","(N/A)","SF,F","","938","FA","36","","1,000,000","MIN","0","0","0","0","0","0","0","0","0","0"
"*03byh*","Tyler Ennis","(N/A)","PG,G","","939","FA","32","","1,000,000","MIN","0","0","0","0","0","0","0","0","0","0"
"*06q8b*","Aaron Estrada","(N/A)","PG,G","","940","FA","25","","1,000,000","MIN","0","0","0","0","0","0","0","0","0","0"
"*04qs5*","Jacob Evans","(N/A)","SG,G","","942","FA","29","","1,000,000","MIN","0","0","0","0","0","0","0","0","0","0"
"*04ex2*","Jawun Evans","(N/A)","PG,G","","943","FA","30","","1,000,000","MIN","0","0","0","0","0","0","0","0","0","0"
"*04xie*","Keenan Evans","DET","PG,G","","944","FA","30","BOS Tue 12:00PM","1,000,000","MIN","0","0","0","0","0","0","0","0","0","0"
"*01eoh*","Tyreke Evans","(N/A)","PG,SG,G","","945","FA","36","","1,000,000","MIN","0","0","0","0","0","0","0","0","0","0"
"*03acx*","Dante Exum","(N/A)","PG,G","","946","FA","31","","1,000,000","MIN","0","0","0","0","0","0","0","0","0","0"
"*02nfu*","Festus Ezeli","(N/A)","C","","947","FA","36","","1,000,000","MIN","0","0","0","0","0","0","0","0","0","0"
"*03jxp*","C.J. Fair","(N/A)","PF,F","","948","FA","34","","1,000,000","MIN","0","0","0","0","0","0","0","0","0","0"
"*0558u*","Tacko Fall","(N/A)","C","","949","FA","30","","1,000,000","MIN","0","0","0","0","0","0","0","0","0","0"
"*027p7*","Kenneth Faried","(N/A)","PF,F,C","","950","FA","36","","1,000,000","MIN","0","0","0","0","0","0","0","0","0","0"
"*01uyt*","Derrick Favors","(N/A)","PF,F,C","","951","FA","35","","1,000,000","MIN","0","0","0","0","0","0","0","0","0","0"
"*042od*","Kay Felder","(N/A)","PG,G","","952","FA","31","","1,000,000","MIN","0","0","0","0","0","0","0","0","0","0"
"*03rxn*","Cristiano Felicio","(N/A)","C","","953","FA","34","","1,000,000","MIN","0","0","0","0","0","0","0","0","0","0"
"*031mj*","Carrick Felix","(N/A)","SG,G,SF,F","","954","FA","36","","1,000,000","MIN","0","0","0","0","0","0","0","0","0","0"
"*04ewl*","Terrance Ferguson","(N/A)","SG,G,SF,F","","955","FA","28","","1,000,000","MIN","0","0","0","0","0","0","0","0","0","0"
"*049le*","Vashil Fernandez","(N/A)","C","","956","FA","34","","1,000,000","MIN","0","0","0","0","0","0","0","0","0","0"
"*051pe*","Bruno Fernando","(N/A)","C","","957","FA","28","","1,000,000","MIN","0","0","0","0","0","0","0","0","0","0"
"*0483a*","Yogi Ferrell","(N/A)","PG,SG,G","","958","FA","33","","1,000,000","MIN","0","0","0","0","0","0","0","0","0","0"
"*06mot*","Max Fiedler","(N/A)","SF,PF,F","","959","FA","25","","1,000,000","MIN","0","0","0","0","0","0","0","0","0","0"
"*05xoj*","L.J. Figueroa","(N/A)","PG,SG,G,SF,PF,F","","960","FA","28","","1,000,000","MIN","0","0","0","0","0","0","0","0","0","0"
"*05qzg*","Malik Fitts","(N/A)","PF,F","","961","FA","29","","1,000,000","MIN","0","0","0","0","0","0","0","0","0","0"
"*06hrn*","Adam Flagler","SAC","SG,G","","962","FA","26","","1,000,000","MIN","0","0","0","0","0","0","0","0","0","0"
"*06mnz*","Allen Flanigan","(N/A)","PG,SG,G","","963","FA","25","","1,000,000","MIN","0","0","0","0","0","0","0","0","0","0"
"*059wt*","Skyler Flatten","(N/A)","SG,G","","964","FA","31","","1,000,000","MIN","0","0","0","0","0","0","0","0","0","0"
"*05qsn*","Malachi Flynn","(N/A)","PG,G","","966","FA","28","","1,000,000","MIN","0","0","0","0","0","0","0","0","0","0"
"*02wy0*","Kyle Fogg","(N/A)","PG,SG,G","","967","FA","36","","1,000,000","MIN","0","0","0","0","0","0","0","0","0","0"
"*04847*","Bryn Forbes","(N/A)","SG,G","","968","FA","33","","1,000,000","MIN","0","0","0","0","0","0","0","0","0","0"
"*05y7a*","Aleem Ford","(N/A)","SF,F","","969","FA","29","","1,000,000","MIN","0","0","0","0","0","0","0","0","0","0"
"*05qzf*","Jordan Ford","(N/A)","PG,G","","970","FA","28","","1,000,000","MIN","0","0","0","0","0","0","0","0","0","0"
"*0480a*","Quincy Ford","(N/A)","SF,F","","971","FA","33","","1,000,000","MIN","0","0","0","0","0","0","0","0","0","0"
"*05qu7*","Trent Forrest","(N/A)","PG,G","","972","FA","28","","1,000,000","MIN","0","0","0","0","0","0","0","0","0","0"
"*05xob*","Marcus Foster","(N/A)","SG,G","","973","FA","31","","1,000,000","MIN","0","0","0","0","0","0","0","0","0","0"
"*0623g*","Michael Foster","(N/A)","SF,PF,F","","974","FA","23","","1,000,000","MIN","0","0","0","0","0","0","0","0","0","0"
"*02nfk*","Evan Fournier","(N/A)","SG,G","","975","FA","33","","1,000,000","MIN","0","0","0","0","0","0","0","0","0","0"
"*06hdw*","Armaan Franklin","(N/A)","PG,G","","976","FA","25","","1,000,000","MIN","0","0","0","0","0","0","0","0","0","0"
"*031mr*","Jamaal Franklin","DEN","SG,G,SF,F","","977","FA","35","","1,000,000","MIN","0","0","0","0","0","0","0","0","0","0"
"*059fu*","Robert Franks","(N/A)","SF,F","","978","FA","29","","1,000,000","MIN","0","0","0","0","0","0","0","0","0","0"
"*04qsc*","Melvin Frazier Jr.","(N/A)","SG,G","","979","FA","30","","1,000,000","MIN","0","0","0","0","0","0","0","0","0","0"
"*03v03*","Michael Frazier","(N/A)","SG,G","","980","FA","32","","1,000,000","MIN","0","0","0","0","0","0","0","0","0","0"
"*03ku2*","Tim Frazier","(N/A)","PG,G","","981","FA","35","","1,000,000","MIN","0","0","0","0","0","0","0","0","0","0"
"*0493y*","Trey Freeman","(N/A)","PG,G","","982","FA","33","","1,000,000","MIN","0","0","0","0","0","0","0","0","0","0"
"*062k1*","Javon Freeman-Liberty","(N/A)","PG,G","","983","FA","26","","1,000,000","MIN","0","0","0","0","0","0","0","0","0","0"
"*06mop*","Samson Froling","(N/A)","C","","984","FA","26","","1,000,000","MIN","0","0","0","0","0","0","0","0","0","0"
"*06fwl*","Alex Fudge","(N/A)","SF,F","","985","FA","23","","1,000,000","MIN","0","0","0","0","0","0","0","0","0","0"
"*06hdv*","Andrew Funk","(N/A)","SG,G","","986","FA","26","","1,000,000","MIN","0","0","0","0","0","0","0","0","0","0"
"*06qf9*","Taylor Funk","(N/A)","SF,PF,F","","987","FA","28","","1,000,000","MIN","0","0","0","0","0","0","0","0","0","0"
"*04vu2*","Wenyen Gabriel","(N/A)","PF,F","","988","FA","29","","1,000,000","MIN","0","0","0","0","0","0","0","0","0","0"
"*0393q*","Abdul Gaddy","(N/A)","PG,SG,G","","989","FA","34","","1,000,000","MIN","0","0","0","0","0","0","0","0","0","0"
"*01uzm*","Tiny Gallon","(N/A)","PF,F","","990","FA","35","","1,000,000","MIN","0","0","0","0","0","0","0","0","0","0"
"*06kv0*","Jaylin Galloway","(N/A)","SF,F","","991","FA","23","","1,000,000","MIN","0","0","0","0","0","0","0","0","0","0"
"*03k50*","Langston Galloway","(N/A)","SG,G","","992","FA","34","","1,000,000","MIN","0","0","0","0","0","0","0","0","0","0"
"*059cf*","Jakeenan Gant","(N/A)","SG,G","","993","FA","30","","1,000,000","MIN","0","0","0","0","0","0","0","0","0","0"
"*07241*","Dawson Garcia","(N/A)","SF,PF,F,C","","994","FA","24","","1,000,000","MIN","0","0","0","0","0","0","0","0","0","0"
"*06hrf*","Patrick Gardner","(N/A)","C","","995","FA","27","","1,000,000","MIN","0","0","0","0","0","0","0","0","0","0"
"*045qh*","Patricio Garino","(N/A)","SG,G","","996","FA","33","","1,000,000","MIN","0","0","0","0","0","0","0","0","0","0"
"*05wah*","Marcus Garrett","(N/A)","SG,G","","997","FA","27","","1,000,000","MIN","0","0","0","0","0","0","0","0","0","0"
"*05uix*","Usman Garuba","(N/A)","PF,F","","998","FA","24","","1,000,000","MIN","0","0","0","0","0","0","0","0","0","0"
"*04xdt*","Kaiser Gates","(N/A)","SF,F","","999","FA","29","","1,000,000","MIN","0","0","0","0","0","0","0","0","0","0"
"*042o8*","Michael Gbinije","(N/A)","SF,F","","1000","FA","34","","1,000,000","MIN","0","0","0","0","0","0","0","0","0","0"
"*0490w*","Marcus Georges-Hunt","(N/A)","SG,G","","1001","FA","32","","1,000,000","MIN","0","0","0","0","0","0","0","0","0","0"
"*03xmw*","Harry Giles","(N/A)","C","","1002","FA","28","","1,000,000","MIN","0","0","0","0","0","0","0","0","0","0"
"*05qu6*","Romaro Gill","(N/A)","C","","1003","FA","31","","1,000,000","MIN","0","0","0","0","0","0","0","0","0","0"
"*05qzc*","Freddie Gillespie","(N/A)","SF,PF,F","","1004","FA","29","","1,000,000","MIN","0","0","0","0","0","0","0","0","0","0"
"*065ut*","Jacob Gilyard","(N/A)","PG,G","","1006","FA","28","","1,000,000","MIN","0","0","0","0","0","0","0","0","0","0"
"*065vf*","Grant Golden","(N/A)","SF,PF,F","","1007","FA","28","","1,000,000","MIN","0","0","0","0","0","0","0","0","0","0"
"*031mf*","Archie Goodwin","(N/A)","PG,SG,G","","1008","FA","32","","1,000,000","MIN","0","0","0","0","0","0","0","0","0","0"
"*04w4b*","Brandon Goodwin","(N/A)","PG,G","","1009","FA","30","","1,000,000","MIN","0","0","0","0","0","0","0","0","0","0"
"*06hsn*","Dane Goodwin","(N/A)","SG,G","","1010","FA","26","","1,000,000","MIN","0","0","0","0","0","0","0","0","0","0"
"*06hi9*","Jazian Gortman","(N/A)","PG,G","","1011","FA","23","","1,000,000","MIN","0","0","0","0","0","0","0","0","0","0"
"*062sq*","Kellan Grady","(N/A)","PG,SG,G","","1012","FA","28","","1,000,000","MIN","0","0","0","0","0","0","0","0","0","0"
"*04qsb*","Devonte' Graham","(N/A)","PG,G","","1013","FA","31","","1,000,000","MIN","0","0","0","0","0","0","0","0","0","0"
"*03ua0*","Treveon Graham","(N/A)","SG,G,SF,F","","1014","FA","32","","1,000,000","MIN","0","0","0","0","0","0","0","0","0","0"
"*03r7g*","Jerian Grant","(N/A)","PG,SG,G","","1015","FA","33","","1,000,000","MIN","0","0","0","0","0","0","0","0","0","0"
"*04vqv*","Donte Grantham","(N/A)","SG,G","","1016","FA","31","","1,000,000","MIN","0","0","0","0","0","0","0","0","0","0"
"*057ow*","Hassani Gravett","(N/A)","PG,G","","1018","FA","30","","1,000,000","MIN","0","0","0","0","0","0","0","0","0","0"
"*04mr6*","Josh Gray","(N/A)","PG,G","","1019","FA","32","","1,000,000","MIN","0","0","0","0","0","0","0","0","0","0"
"*05ujx*","RaiQuan Gray","(N/A)","PF,F","","1020","FA","27","","1,000,000","MIN","0","0","0","0","0","0","0","0","0","0"
"*04uq2*","Rob Gray","(N/A)","PG,G","","1021","FA","32","","1,000,000","MIN","0","0","0","0","0","0","0","0","0","0"
"*06moi*","Darin Green","(N/A)","SG,G","","1022","FA","25","","1,000,000","MIN","0","0","0","0","0","0","0","0","0","0"
"*031mw*","Erick Green","(N/A)","PG,SG,G","","1023","FA","35","","1,000,000","MIN","0","0","0","0","0","0","0","0","0","0"
"*03927*","JaMychal Green","(N/A)","PF,F","","1024","FA","36","","1,000,000","MIN","0","0","0","0","0","0","0","0","0","0"
"*0621f*","AJ Griffin","(N/A)","SF,F","","1025","FA","23","","1,000,000","MIN","0","0","0","0","0","0","0","0","0","0"
"*038kh*","Eric Griffin","(N/A)","SF,F","","1026","FA","36","","1,000,000","MIN","0","0","0","0","0","0","0","0","0","0"
"*055si*","Marko Guduric","(N/A)","SG,G","","1027","FA","31","","1,000,000","MIN","0","0","0","0","0","0","0","0","0","0"
"*051pz*","Kyle Guy","(N/A)","SG,G","","1028","FA","29","","1,000,000","MIN","0","0","0","0","0","0","0","0","0","0"
"*04v3j*","Isaac Haas","(N/A)","C","","1029","FA","30","","1,000,000","MIN","0","0","0","0","0","0","0","0","0","0"
"*05quf*","Ashton Hagans","(N/A)","PG,G","","1030","FA","27","","1,000,000","MIN","0","0","0","0","0","0","0","0","0","0"
"*05qtv*","Tyrese Haliburton","IND","PG,SG,G","","1031","FA","26","","1,000,000","MIN","0","0","0","0","0","0","0","0","0","0"
"*04qst*","Devon Hall","(N/A)","SG,G","","1032","FA","31","","1,000,000","MIN","0","0","0","0","0","0","0","0","0","0"
"*059qb*","Donta Hall","(N/A)","PF,F","","1033","FA","29","","1,000,000","MIN","0","0","0","0","0","0","0","0","0","0"
"*06303*","Jordan Hall","(N/A)","PG,SG,G,SF,PF,F","","1034","FA","24","","1,000,000","MIN","0","0","0","0","0","0","0","0","0","0"
"*05qzm*","Josh Hall","(N/A)","SF,F","","1035","FA","25","","1,000,000","MIN","0","0","0","0","0","0","0","0","0","0"
"*06mnr*","Malik Hall","(N/A)","SF,PF,F","","1036","FA","26","","1,000,000","MIN","0","0","0","0","0","0","0","0","0","0"
"*05r05*","Tyler Hall","(N/A)","PG,SG,G","","1037","FA","34","","1,000,000","MIN","0","0","0","0","0","0","0","0","0","0"
"*06237*","Bryce Hamilton","(N/A)","SG,G","","1038","FA","25","","1,000,000","MIN","0","0","0","0","0","0","0","0","0","0"
"*042of*","Daniel Hamilton","(N/A)","SF,F","","1039","FA","31","","1,000,000","MIN","0","0","0","0","0","0","0","0","0","0"
"*04lk8*","Isaac Hamilton","(N/A)","SG,G","","1040","FA","32","","1,000,000","MIN","0","0","0","0","0","0","0","0","0","0"
"*04xid*","Johnny Hamilton","(N/A)","C","","1041","FA","32","","1,000,000","MIN","0","0","0","0","0","0","0","0","0","0"
"*02ng9*","Justin Hamilton","(N/A)","PF,F,C","","1042","FA","36","","1,000,000","MIN","0","0","0","0","0","0","0","0","0","0"
"*05qt7*","Rayshaun Hammonds","(N/A)","SF,PF,F","","1043","FA","27","","1,000,000","MIN","0","0","0","0","0","0","0","0","0","0"
"*042o5*","A.J. Hammons","(N/A)","C","","1044","FA","34","","1,000,000","MIN","0","0","0","0","0","0","0","0","0","0"
"*05qt5*","R.J. Hampton","(N/A)","PG,G","","1045","FA","25","","1,000,000","MIN","0","0","0","0","0","0","0","0","0","0"
"*051q0*","Jaylen Hands","(N/A)","PG,G","","1046","FA","27","","1,000,000","MIN","0","0","0","0","0","0","0","0","0","0"
"*03r7w*","Olivier Hanlan","(N/A)","PG,G","","1047","FA","33","","1,000,000","MIN","0","0","0","0","0","0","0","0","0","0"
"*04z9c*","Dusty Hannahs","(N/A)","PG,SG,G","","1048","FA","33","","1,000,000","MIN","0","0","0","0","0","0","0","0","0","0"
"*02nff*","Maurice Harkless","(N/A)","SF,F","","1049","FA","33","","1,000,000","MIN","0","0","0","0","0","0","0","0","0","0"
"*059ij*","Jared Harper","(N/A)","PG,G","","1050","FA","28","","1,000,000","MIN","0","0","0","0","0","0","0","0","0","0"
"*03byg*","Montrezl Harrell","(N/A)","C","","1051","FA","32","","1,000,000","MIN","0","0","0","0","0","0","0","0","0","0"
"*05qso*","Jalen Harris","(N/A)","SG,G","","1052","FA","28","","1,000,000","MIN","0","0","0","0","0","0","0","0","0","0"
"*03e6z*","Joe Harris","(N/A)","SG,G,SF,F","","1053","FA","34","","1,000,000","MIN","0","0","0","0","0","0","0","0","0","0"
"*05qzd*","Kevon Harris","(N/A)","SG,G","","1054","FA","29","","1,000,000","MIN","0","0","0","0","0","0","0","0","0","0"
"*03rzs*","Aaron Harrison","(N/A)","PG,G","","1055","FA","31","","1,000,000","MIN","0","0","0","0","0","0","0","0","0","0"
"*02xdr*","Andrew Harrison","(N/A)","PG,SG,G","","1056","FA","31","","1,000,000","MIN","0","0","0","0","0","0","0","0","0","0"
"*048zs*","Shaquille Harrison","(N/A)","SG,G","","1057","FA","32","","1,000,000","MIN","0","0","0","0","0","0","0","0","0","0"
"*06ceq*","Joey Hauser","(N/A)","SF,F","","1058","FA","27","","1,000,000","MIN","0","0","0","0","0","0","0","0","0","0"
"*01uz7*","Gordon Hayward","(N/A)","SF,F","","1059","FA","36","","1,000,000","MIN","0","0","0","0","0","0","0","0","0","0"
"*04ljk*","Reggie Hearn","(N/A)","SG,G","","1060","FA","35","","1,000,000","MIN","0","0","0","0","0","0","0","0","0","0"
"*06hfa*","Max Heidegger","(N/A)","PG,G","","1061","FA","29","","1,000,000","MIN","0","0","0","0","0","0","0","0","0","0"
"*05uuf*","Aaron Henry","(N/A)","SF,F","","1062","FA","27","","1,000,000","MIN","0","0","0","0","0","0","0","0","0","0"
"*04mmf*","Myke Henry","(N/A)","SF,F","","1063","FA","33","","1,000,000","MIN","0","0","0","0","0","0","0","0","0","0"
"*0665b*","Pierria Henry","(N/A)","PG,SG,G","","1064","FA","33","","1,000,000","MIN","0","0","0","0","0","0","0","0","0","0"
"*02nfe*","John Henson","(N/A)","PF,F,C","","1065","FA","35","","1,000,000","MIN","0","0","0","0","0","0","0","0","0","0"
"*051q3*","Dewan Hernandez","(N/A)","C","","1066","FA","29","","1,000,000","MIN","0","0","0","0","0","0","0","0","0","0"
"*042nb*","Juancho Hernangomez","(N/A)","PF,F","","1067","FA","30","","1,000,000","MIN","0","0","0","0","0","0","0","0","0","0"
"*03r7p*","Willy Hernangomez","(N/A)","C","","1068","FA","32","","1,000,000","MIN","0","0","0","0","0","0","0","0","0","0"
"*04qsx*","Kevin Hervey","(N/A)","SF,PF,F","","1069","FA","30","","1,000,000","MIN","0","0","0","0","0","0","0","0","0","0"
"*03r7d*","Mario Hezonja","CLE","SG,G,SF,PF,F","","1070","FA","31","","1,000,000","MIN","0","0","0","0","0","0","0","0","0","0"
"*04jw1*","Isaiah Hicks","(N/A)","PF,F","","1071","FA","32","","1,000,000","MIN","0","0","0","0","0","0","0","0","0","0"
"*04ylf*","Stephan Hicks","IND","SG,G","","1072","FA","34","","1,000,000","MIN","0","0","0","0","0","0","0","0","0","0"
"*059fv*","Ahmed Hill","(N/A)","SG,G","","1073","FA","30","","1,000,000","MIN","0","0","0","0","0","0","0","0","0","0"
"*05wmn*","Malcolm Hill","(N/A)","SF,F","","1074","FA","30","","1,000,000","MIN","0","0","0","0","0","0","0","0","0","0"
"*031ma*","Solomon Hill","(N/A)","SG,G,SF,F","","1075","FA","35","","1,000,000","MIN","0","0","0","0","0","0","0","0","0","0"
"*059ck*","Amir Hinton","(N/A)","PG,G","","1076","FA","29","","1,000,000","MIN","0","0","0","0","0","0","0","0","0","0"
"*05qyw*","Nate Hinton","(N/A)","SG,G","","1077","FA","27","","1,000,000","MIN","0","0","0","0","0","0","0","0","0","0"
"*0522u*","Jaylen Hoard","(N/A)","SF,PF,F","","1078","FA","27","","1,000,000","MIN","0","0","0","0","0","0","0","0","0","0"
"*06cp1*","D'Moi Hodge","(N/A)","SG,G","","1079","FA","27","","1,000,000","MIN","0","0","0","0","0","0","0","0","0","0"
"*03r7i*","Rondae Hollis-Jefferson","(N/A)","SF,F","","1080","FA","31","","1,000,000","MIN","0","0","0","0","0","0","0","0","0","0"
"*058zc*","Aric Holman","(N/A)","PF,F,C","","1081","FA","29","","1,000,000","MIN","0","0","0","0","0","0","0","0","0","0"
"*03trr*","Jonathan Holmes","(N/A)","PF,F","","1082","FA","33","","1,000,000","MIN","0","0","0","0","0","0","0","0","0","0"
"*03r7r*","Richaun Holmes","(N/A)","PF,F,C","","1083","FA","32","","1,000,000","MIN","0","0","0","0","0","0","0","0","0","0"
"*05qzk*","Caleb Homesley","(N/A)","SG,G","","1084","FA","29","","1,000,000","MIN","0","0","0","0","0","0","0","0","0","0"
"*059q3*","Daulton Hommes","(N/A)","SF,F","","1085","FA","30","","1,000,000","MIN","0","0","0","0","0","0","0","0","0","0"
"*027pk*","Tyler Honeycutt","(N/A)","SF,F","","1086","FA","36","","1,000,000","MIN","0","0","0","0","0","0","0","0","0","0"
"*03apy*","Rodney Hood","(N/A)","SG,G","","1087","FA","33","","1,000,000","MIN","0","0","0","0","0","0","0","0","0","0"
"*06cce*","Jalen Hood-Schifino","(N/A)","SG,G","","1088","FA","23","","1,000,000","MIN","0","0","0","0","0","0","0","0","0","0"
"*03c6y*","Scotty Hopson","(N/A)","SG,G","","1090","FA","37","","1,000,000","MIN","0","0","0","0","0","0","0","0","0","0"
"*06mof*","DJ Horne","(N/A)","PG,G","","1091","FA","25","","1,000,000","MIN","0","0","0","0","0","0","0","0","0","0"
"*0666a*","Jeriah Horne","(N/A)","SF,PF,F","","1092","FA","28","","1,000,000","MIN","0","0","0","0","0","0","0","0","0","0"
"*051pq*","Talen Horton-Tucker","(N/A)","SG,G","","1093","FA","25","","1,000,000","MIN","0","0","0","0","0","0","0","0","0","0"
"*04849*","Danuel House","(N/A)","SF,F","","1094","FA","33","","1,000,000","MIN","0","0","0","0","0","0","0","0","0","0"
"*05qui*","Markus Howard","(N/A)","SG,G","","1095","FA","27","","1,000,000","MIN","0","0","0","0","0","0","0","0","0","0"
"*052lc*","William Howard","(N/A)","SF,F","","1096","FA","32","","1,000,000","MIN","0","0","0","0","0","0","0","0","0","0"
"*038oh*","Richard Howell","(N/A)","PF,F","","1097","FA","35","","1,000,000","MIN","0","0","0","0","0","0","0","0","0","0"
"*06236*","Trevor Hudgins","(N/A)","PG,G","","1098","FA","27","","1,000,000","MIN","0","0","0","0","0","0","0","0","0","0"
"*03e6w*","Josh Huestis","(N/A)","SF,F","","1099","FA","34","","1,000,000","MIN","0","0","0","0","0","0","0","0","0","0"
"*05qta*","Elijah Hughes","(N/A)","SG,G","","1100","FA","28","","1,000,000","MIN","0","0","0","0","0","0","0","0","0","0"
"*04xlp*","Isaac Humphries","(N/A)","PF,F","","1101","FA","28","","1,000,000","MIN","0","0","0","0","0","0","0","0","0","0"
"*05ux6*","Feron Hunt","(N/A)","SF,F","","1102","FA","27","","1,000,000","MIN","0","0","0","0","0","0","0","0","0","0"
"*03nwp*","R.J. Hunter","(N/A)","SG,G","","1103","FA","32","","1,000,000","MIN","0","0","0","0","0","0","0","0","0","0"
"*05uun*","Matthew Hurt","(N/A)","PF,F","","1104","FA","26","","1,000,000","MIN","0","0","0","0","0","0","0","0","0","0"
"*04qrz*","Chandler Hutchison","(N/A)","SF,PF,F","","1105","FA","30","","1,000,000","MIN","0","0","0","0","0","0","0","0","0","0"
"*005lo*","Serge Ibaka","(N/A)","PF,F,C","","1106","FA","36","","1,000,000","MIN","0","0","0","0","0","0","0","0","0","0"
"*03e6x*","Damien Inglis","(N/A)","SF,F","","1107","FA","31","","1,000,000","MIN","0","0","0","0","0","0","0","0","0","0"
"*04ll4*","Ike Iroegbu","(N/A)","SG,G","","1108","FA","31","","1,000,000","MIN","0","0","0","0","0","0","0","0","0","0"
"*076uc*","Vsevolod Ishchenko","DAL","SG,G","R","1110","FA","21","","1,000,000","MIN","0","0","0","0","0","0","0","0","0","0"
"*04ewx*","Wes Iwundu","(N/A)","SG,G,SF,F","","1111","FA","31","","1,000,000","MIN","0","0","0","0","0","0","0","0","0","0"
"*042o4*","Demetrius Jackson","(N/A)","PG,G","","1112","FA","31","","1,000,000","MIN","0","0","0","0","0","0","0","0","0","0"
"*04ewv*","Frank Jackson","(N/A)","PG,G","","1113","FA","28","","1,000,000","MIN","0","0","0","0","0","0","0","0","0","0"
"*03llx*","Josh Jackson","(N/A)","SF,F","","1114","FA","29","","1,000,000","MIN","0","0","0","0","0","0","0","0","0","0"
"*04ewg*","Justin Jackson","(N/A)","SF,F","","1115","FA","31","","1,000,000","MIN","0","0","0","0","0","0","0","0","0","0"
"*04qsk*","Justin Jackson","ORL","SF,PF,F","","1116","FA","29","","1,000,000","MIN","0","0","0","0","0","0","0","0","0","0"
"*031ms*","Pierre Jackson","(N/A)","PG,G","","1117","FA","35","","1,000,000","MIN","0","0","0","0","0","0","0","0","0","0"
"*027p9*","Reggie Jackson","(N/A)","PG,G","","1118","FA","36","","1,000,000","MIN","0","0","0","0","0","0","0","0","0","0"
"*06moo*","Josiah-Jordan James","(N/A)","PG,SG,G","","1119","FA","25","","1,000,000","MIN","0","0","0","0","0","0","0","0","0","0"
"*051pk*","Justin James","(N/A)","SG,G,SF,F","","1120","FA","29","","1,000,000","MIN","0","0","0","0","0","0","0","0","0","0"
"*041f7*","Mike James","(N/A)","PG,G","","1121","FA","36","","1,000,000","MIN","0","0","0","0","0","0","0","0","0","0"
"*0483j*","Stefan Jankovic","(N/A)","PF,F","","1122","FA","33","","1,000,000","MIN","0","0","0","0","0","0","0","0","0","0"
"*04exl*","Ognen Jaramaz","NY","PG,G","","1123","FA","31","PHI Tue 4:00PM","1,000,000","MIN","0","0","0","0","0","0","0","0","0","0"
"*031me*","Livio Jean-Charles","(N/A)","SF,PF,F","","1124","FA","32","","1,000,000","MIN","0","0","0","0","0","0","0","0","0","0"
"*04l1w*","Amile Jefferson","(N/A)","PF,F","","1125","FA","33","","1,000,000","MIN","0","0","0","0","0","0","0","0","0","0"
"*05xoc*","Damien Jefferson","(N/A)","SF,PF,F","","1126","FA","28","","1,000,000","MIN","0","0","0","0","0","0","0","0","0","0"
"*06375*","Drake Jeffries","(N/A)","PG,SG,G","","1128","FA","27","","1,000,000","MIN","0","0","0","0","0","0","0","0","0","0"
"*02nfn*","John Jenkins","(N/A)","SG,G,SF,F","","1129","FA","35","","1,000,000","MIN","0","0","0","0","0","0","0","0","0","0"
"*01enu*","Brandon Jennings","(N/A)","PG,G","","1130","FA","36","","1,000,000","MIN","0","0","0","0","0","0","0","0","0","0"
"*05qu2*","Justinian Jessup","(N/A)","SG,G","","1131","FA","28","","1,000,000","MIN","0","0","0","0","0","0","0","0","0","0"
"*0623j*","Theo John","(N/A)","PF,F","","1132","FA","28","","1,000,000","MIN","0","0","0","0","0","0","0","0","0","0"
"*04qsq*","Alize Johnson","(N/A)","SF,PF,F","","1133","FA","30","","1,000,000","MIN","0","0","0","0","0","0","0","0","0","0"
"*04w4k*","BJ Johnson","(N/A)","SF,F","","1134","FA","30","","1,000,000","MIN","0","0","0","0","0","0","0","0","0","0"
"*042nk*","Brice Johnson","(N/A)","PF,F","","1135","FA","32","","1,000,000","MIN","0","0","0","0","0","0","0","0","0","0"
"*03r81*","Dakari Johnson","(N/A)","C","","1136","FA","30","","1,000,000","MIN","0","0","0","0","0","0","0","0","0","0"
"*05ujl*","David Johnson","(N/A)","PG,SG,G","","1137","FA","25","","1,000,000","MIN","0","0","0","0","0","0","0","0","0","0"
"*01en7*","James Johnson","(N/A)","PF,F","","1138","FA","39","","1,000,000","MIN","0","0","0","0","0","0","0","0","0","0"
"*06hht*","Javan Johnson","(N/A)","SF,PF,F","","1139","FA","27","","1,000,000","MIN","0","0","0","0","0","0","0","0","0","0"
"*04lbu*","Jaylen Johnson","(N/A)","SF,F","","1140","FA","30","","1,000,000","MIN","0","0","0","0","0","0","0","0","0","0"
"*05uiv*","Keon Johnson","(N/A)","PG,SG,G","","1141","FA","24","","1,000,000","MIN","0","0","0","0","0","0","0","0","0","0"
"*06cd7*","Keyontae Johnson","(N/A)","SF,F","","1142","FA","26","","1,000,000","MIN","0","0","0","0","0","0","0","0","0","0"
"*03e76*","Nick Johnson","(N/A)","SG,G","","1144","FA","33","","1,000,000","MIN","0","0","0","0","0","0","0","0","0","0"
"*03nwj*","Stanley Johnson","(N/A)","SF,F","","1145","FA","30","","1,000,000","MIN","0","0","0","0","0","0","0","0","0","0"
"*03hz1*","Tyler Johnson","(N/A)","PG,G","","1146","FA","34","","1,000,000","MIN","0","0","0","0","0","0","0","0","0","0"
"*02ngj*","Darius Johnson-Odom","(N/A)","SG,G","","1147","FA","36","","1,000,000","MIN","0","0","0","0","0","0","0","0","0","0"
"*06hsk*","Jarkel Joiner","(N/A)","PG,G","","1148","FA","27","","1,000,000","MIN","0","0","0","0","0","0","0","0","0","0"
"*04l1s*","Peter Jok","(N/A)","PG,G","","1149","FA","32","","1,000,000","MIN","0","0","0","0","0","0","0","0","0","0"
"*05uj8*","Rokas Jokubaitis","(N/A)","PG,SG,G","","1150","FA","25","","1,000,000","MIN","0","0","0","0","0","0","0","0","0","0"
"*05ux5*","Carlik Jones","(N/A)","PG,G","","1151","FA","28","","1,000,000","MIN","0","0","0","0","0","0","0","0","0","0"
"*042nr*","Damian Jones","(N/A)","C","","1152","FA","31","","1,000,000","MIN","0","0","0","0","0","0","0","0","0","0"
"*0484k*","Jalen Jones","(N/A)","SG,G,SF,F","","1153","FA","33","","1,000,000","MIN","0","0","0","0","0","0","0","0","0","0"
"*04za3*","Jemerrio Jones","(N/A)","SG,G,SF,F","","1154","FA","31","","1,000,000","MIN","0","0","0","0","0","0","0","0","0","0"
"*05uit*","Kai Jones","(N/A)","C","","1155","FA","25","","1,000,000","MIN","0","0","0","0","0","0","0","0","0","0"
"*076ua*","Lajae Jones","GS","PG,SG,G","R","1156","FA","22","","1,000,000","MIN","0","0","0","0","0","0","0","0","0","0"
"*06mon*","Lance Jones","(N/A)","PG,SG,G","","1157","FA","25","","1,000,000","MIN","0","0","0","0","0","0","0","0","0","0"
"*05qy1*","Mason Jones","(N/A)","SG,G","","1158","FA","28","","1,000,000","MIN","0","0","0","0","0","0","0","0","0","0"
"*02nfs*","Perry Jones","(N/A)","SF,PF,F","","1159","FA","34","","1,000,000","MIN","0","0","0","0","0","0","0","0","0","0"
"*02nfi*","Terrence Jones","HOU","SF,PF,F","","1160","FA","34","","1,000,000","MIN","0","0","0","0","0","0","0","0","0","0"
"*06hik*","Tevian Jones","(N/A)","PG,SG,G","","1161","FA","26","","1,000,000","MIN","0","0","0","0","0","0","0","0","0","0"
"*027pf*","Cory Joseph","(N/A)","PG,G","","1162","FA","35","","1,000,000","MIN","0","0","0","0","0","0","0","0","0","0"
"*06hki*","Keshawn Justice","(N/A)","SF,PF,F","","1163","FA","26","","1,000,000","MIN","0","0","0","0","0","0","0","0","0","0"
"*04exn*","Alpha Kaba","ATL","PF,F","","1164","FA","29","","1,000,000","MIN","0","0","0","0","0","0","0","0","0","0"
"*051p7*","Mfiondu Kabengele","(N/A)","PF,F,C","","1165","FA","29","","1,000,000","MIN","0","0","0","0","0","0","0","0","0","0"
"*0393u*","Myck Kabongo","(N/A)","PG,G","","1166","FA","34","","1,000,000","MIN","0","0","0","0","0","0","0","0","0","0"
"*05ujy*","Georgios Kalaitzakis","(N/A)","SF,F","","1167","FA","27","","1,000,000","MIN","0","0","0","0","0","0","0","0","0","0"
"*04414*","Nikola Kalinic","(N/A)","SF,F","","1168","FA","34","","1,000,000","MIN","0","0","0","0","0","0","0","0","0","0"
"*06hrt*","Gabe Kalscheur","(N/A)","PG,SG,G","","1169","FA","27","","1,000,000","MIN","0","0","0","0","0","0","0","0","0","0"
"*06229*","Ismael Kamagate","(N/A)","C","","1171","FA","25","","1,000,000","MIN","0","0","0","0","0","0","0","0","0","0"
"*03nwo*","Frank Kaminsky","(N/A)","C","","1172","FA","33","","1,000,000","MIN","0","0","0","0","0","0","0","0","0","0"
"*027p2*","Enes Kanter","(N/A)","C","","1173","FA","34","","1,000,000","MIN","0","0","0","0","0","0","0","0","0","0"
"*06pst*","Kylor Kelley","(N/A)","C","","1177","FA","29","","1,000,000","MIN","0","0","0","0","0","0","0","0","0","0"
"*02j7d*","D.J. Kennedy","(N/A)","SG,G,SF,F","","1178","FA","36","","1,000,000","MIN","0","0","0","0","0","0","0","0","0","0"
"*05ycx*","Braxton Key","(N/A)","SF,F","","1179","FA","29","","1,000,000","MIN","0","0","0","0","0","0","0","0","0","0"
"*074lu*","Tyreke Key","(N/A)","SG,G","","1180","FA","27","","1,000,000","MIN","0","0","0","0","0","0","0","0","0","0"
"*052ld*","Stanton Kidd","(N/A)","PF,F","","1181","FA","34","","1,000,000","MIN","0","0","0","0","0","0","0","0","0","0"
"*02nf2*","Michael Kidd-Gilchrist","(N/A)","SF,F","","1182","FA","32","","1,000,000","MIN","0","0","0","0","0","0","0","0","0","0"
"*06376*","Sacha Killeya-Jones","(N/A)","SF,PF,F","","1183","FA","28","","1,000,000","MIN","0","0","0","0","0","0","0","0","0","0"
"*03lg0*","Sean Kilpatrick","(N/A)","PG,SG,G","","1184","FA","36","","1,000,000","MIN","0","0","0","0","0","0","0","0","0","0"
"*04qsz*","George King","(N/A)","SG,G,SF,F","","1185","FA","32","","1,000,000","MIN","0","0","0","0","0","0","0","0","0","0"
"*059qc*","Louis King","(N/A)","SF,F","","1186","FA","27","","1,000,000","MIN","0","0","0","0","0","0","0","0","0","0"
"*06ces*","Mojave King","(N/A)","SG,G","","1187","FA","24","","1,000,000","MIN","0","0","0","0","0","0","0","0","0","0"
"*059cl*","V.J. King","(N/A)","SG,G","","1188","FA","29","","1,000,000","MIN","0","0","0","0","0","0","0","0","0","0"
"*06hif*","Taevion Kinsey","(N/A)","PG,SG,G","","1189","FA","26","","1,000,000","MIN","0","0","0","0","0","0","0","0","0","0"
"*0663u*","Noah Kirkwood","(N/A)","PG,SG,G","","1190","FA","26","","1,000,000","MIN","0","0","0","0","0","0","0","0","0","0"
"*0665a*","Reggie Kissoonlal","(N/A)","SF,PF,F","","1191","FA","30","","1,000,000","MIN","0","0","0","0","0","0","0","0","0","0"
"*027or*","Brandon Knight","(N/A)","PG,SG,G","","1192","FA","34","","1,000,000","MIN","0","0","0","0","0","0","0","0","0","0"
"*05qts*","Nathan Knight","(N/A)","PF,F","","1193","FA","28","","1,000,000","MIN","0","0","0","0","0","0","0","0","0","0"
"*049kh*","Kevin Knox","(N/A)","SF,F","","1194","FA","27","","1,000,000","MIN","0","0","0","0","0","0","0","0","0","0"
"*04jw9*","Bronson Koenig","(N/A)","SG,G","","1195","FA","31","","1,000,000","MIN","0","0","0","0","0","0","0","0","0","0"
"*059cb*","Sagaba Konate","(N/A)","SF,F","","1196","FA","28","","1,000,000","MIN","0","0","0","0","0","0","0","0","0","0"
"*06q9l*","Miller Kopp","(N/A)","SF,PF,F","","1197","FA","27","","1,000,000","MIN","0","0","0","0","0","0","0","0","0","0"
"*05ujv*","Balsa Koprivica","(N/A)","C","","1198","FA","26","","1,000,000","MIN","0","0","0","0","0","0","0","0","0","0"
"*042nl*","Furkan Korkmaz","(N/A)","SG,G","","1199","FA","29","","1,000,000","MIN","0","0","0","0","0","0","0","0","0","0"
"*059g1*","Christ Koumadje","(N/A)","C","","1200","FA","30","","1,000,000","MIN","0","0","0","0","0","0","0","0","0","0"
"*059ik*","David Kramer","(N/A)","PG,G","","1201","FA","29","","1,000,000","MIN","0","0","0","0","0","0","0","0","0","0"
"*06452*","Tommy Kuhse","(N/A)","PG,SG,G","","1202","FA","28","","1,000,000","MIN","0","0","0","0","0","0","0","0","0","0"
"*04qsv*","Arnoldas Kulboka","(N/A)","SF,F","","1203","FA","28","","1,000,000","MIN","0","0","0","0","0","0","0","0","0","0"
"*04qsh*","Rodions Kurucs","(N/A)","SF,PF,F","","1204","FA","28","","1,000,000","MIN","0","0","0","0","0","0","0","0","0","0"
"*043pn*","Mindaugas Kuzminskas","(N/A)","SF,PF,F","","1205","FA","36","","1,000,000","MIN","0","0","0","0","0","0","0","0","0","0"
"*03se2*","Michale Kyser","(N/A)","PF,F","","1206","FA","34","","1,000,000","MIN","0","0","0","0","0","0","0","0","0","0"
"*059y6*","Trevor Lacey","(N/A)","PG,G","","1207","FA","34","","1,000,000","MIN","0","0","0","0","0","0","0","0","0","0"
"*05qvg*","Anthony Lamb","(N/A)","SF,F","","1208","FA","28","","1,000,000","MIN","0","0","0","0","0","0","0","0","0","0"
"*02nfc*","Jeremy Lamb","(N/A)","SG,G","","1209","FA","34","","1,000,000","MIN","0","0","0","0","0","0","0","0","0","0"
"*051ou*","Romeo Langford","(N/A)","SG,G","","1210","FA","26","","1,000,000","MIN","0","0","0","0","0","0","0","0","0","0"
"*049dw*","Nicolas Laprovittola","(N/A)","PG,G","","1211","FA","36","","1,000,000","MIN","0","0","0","0","0","0","0","0","0","0"
"*031m5*","Shane Larkin","(N/A)","PG,G","","1212","FA","33","","1,000,000","MIN","0","0","0","0","0","0","0","0","0","0"
"*04tm1*","Terry Larrier","(N/A)","PF,F","","1213","FA","31","","1,000,000","MIN","0","0","0","0","0","0","0","0","0","0"
"*031n5*","Joffrey Lauvergne","(N/A)","PF,F,C","","1214","FA","34","","1,000,000","MIN","0","0","0","0","0","0","0","0","0","0"
"*055sh*","Vic Law","(N/A)","PG,G,SF,F","","1215","FA","30","","1,000,000","MIN","0","0","0","0","0","0","0","0","0","0"
"*076ub*","Tobi Lawal","DAL","PF,F","R","1216","FA","23","","1,000,000","MIN","0","0","0","0","0","0","0","0","0","0"
"*059q4*","Dedric Lawson","(N/A)","SF,PF,F","","1217","FA","28","","1,000,000","MIN","0","0","0","0","0","0","0","0","0","0"
"*042o6*","Jake Layman","(N/A)","SF,F","","1218","FA","32","","1,000,000","MIN","0","0","0","0","0","0","0","0","0","0"
"*04ewj*","T.J. Leaf","(N/A)","PF,F","","1220","FA","29","","1,000,000","MIN","0","0","0","0","0","0","0","0","0","0"
"*0524h*","Jalen Lecque","(N/A)","PG,SG,G","","1221","FA","26","","1,000,000","MIN","0","0","0","0","0","0","0","0","0","0"
"*06psp*","Jaedon LeDee","(N/A)","SF,F","","1219","FA","27","","1,000,000","MIN","0","0","0","0","0","0","0","0","0","0"
"*0484l*","Damion Lee","(N/A)","SG,G","","1222","FA","33","","1,000,000","MIN","0","0","0","0","0","0","0","0","0","0"
"*04uwn*","Marcus Lee","(N/A)","C","","1223","FA","31","","1,000,000","MIN","0","0","0","0","0","0","0","0","0","0"
"*05qu4*","Saben Lee","(N/A)","PG,G","","1224","FA","27","","1,000,000","MIN","0","0","0","0","0","0","0","0","0","0"
"*04mus*","Walt Lemon Jr.","(N/A)","SF,F","","1225","FA","35","","1,000,000","MIN","0","0","0","0","0","0","0","0","0","0"
"*031ls*","Alex Len","(N/A)","C","","1226","FA","33","","1,000,000","MIN","0","0","0","0","0","0","0","0","0","0"
"*02nfb*","Meyers Leonard","(N/A)","C","","1228","FA","34","","1,000,000","MIN","0","0","0","0","0","0","0","0","0","0"
"*04exd*","Mathias Lessort","(N/A)","PF,F","","1229","FA","30","","1,000,000","MIN","0","0","0","0","0","0","0","0","0","0"
"*0623f*","Justin Lewis","(N/A)","PF,F","","1230","FA","24","","1,000,000","MIN","0","0","0","0","0","0","0","0","0","0"
"*05qtc*","Kira Lewis","(N/A)","PG,G","","1231","FA","25","","1,000,000","MIN","0","0","0","0","0","0","0","0","0","0"
"*05wy5*","Matt Lewis","(N/A)","SG,G","","1233","FA","27","","1,000,000","MIN","0","0","0","0","0","0","0","0","0","0"
"*06cdg*","Maxwell Lewis","(N/A)","SF,F","","1234","FA","24","","1,000,000","MIN","0","0","0","0","0","0","0","0","0","0"
"*05uju*","Scottie Lewis","(N/A)","PG,SG,G","","1235","FA","26","","1,000,000","MIN","0","0","0","0","0","0","0","0","0","0"
"*06h8i*","Scottie Lindsey","(N/A)","SG,G","","1237","FA","30","","1,000,000","MIN","0","0","0","0","0","0","0","0","0","0"
"*051p5*","Nassir Little","(N/A)","PF,F","","1238","FA","26","","1,000,000","MIN","0","0","0","0","0","0","0","0","0","0"
"*06235*","Kenneth Lofton","(N/A)","PF,F","","1239","FA","24","","1,000,000","MIN","0","0","0","0","0","0","0","0","0","0"
"*04vy1*","Zach Lofton","(N/A)","SG,G","","1240","FA","33","","1,000,000","MIN","0","0","0","0","0","0","0","0","0","0"
"*04846*","Shawn Long","(N/A)","PF,F,C","","1241","FA","33","","1,000,000","MIN","0","0","0","0","0","0","0","0","0","0"
"*051pf*","Didi Louzada","(N/A)","SG,G","","1243","FA","27","","1,000,000","MIN","0","0","0","0","0","0","0","0","0","0"
"*04uq4*","Jordan Loyd","(N/A)","PG,G","","1244","FA","33","","1,000,000","MIN","0","0","0","0","0","0","0","0","0","0"
"*06vxz*","RJ Luis","(N/A)","SG,G,SF,F","","1245","FA","23","","1,000,000","MIN","0","0","0","0","0","0","0","0","0","0"
"*060me*","Iffe Lundberg","(N/A)","SG,G","","1246","FA","31","","1,000,000","MIN","0","0","0","0","0","0","0","0","0","0"
"*06cd0*","Seth Lundy","(N/A)","SF,F","","1247","FA","26","","1,000,000","MIN","0","0","0","0","0","0","0","0","0","0"
"*042nj*","Timothe Luwawu-Cabarrot","(N/A)","SF,F","","1248","FA","31","","1,000,000","MIN","0","0","0","0","0","0","0","0","0","0"
"*04ewo*","Tyler Lydon","(N/A)","PF,F","","1249","FA","30","","1,000,000","MIN","0","0","0","0","0","0","0","0","0","0"
"*03ad5*","Trey Lyles","MIN","PF,F","","1250","FA","30","","1,000,000","MIN","0","0","0","0","0","0","0","0","0","0"
"*043cl*","Sheldon Mac","(N/A)","SG,G","","1251","FA","33","","1,000,000","MIN","0","0","0","0","0","0","0","0","0","0"
"*02wcx*","Scott Machado","LAL","PG,SG,G","","1252","FA","36","","1,000,000","MIN","0","0","0","0","0","0","0","0","0","0"
"*027pj*","Shelvin Mack","(N/A)","PG,G","","1253","FA","36","","1,000,000","MIN","0","0","0","0","0","0","0","0","0","0"
"*04xgh*","Daryl Macon","(N/A)","PG,G","","1254","FA","30","","1,000,000","MIN","0","0","0","0","0","0","0","0","0","0"
"*04xhr*","J.P. Macura","CLE","SG,G","","1255","FA","31","","1,000,000","MIN","0","0","0","0","0","0","0","0","0","0"
"*05qt2*","Yam Madar","(N/A)","PG,G","","1256","FA","25","","1,000,000","MIN","0","0","0","0","0","0","0","0","0","0"
"*0728o*","Gabe Madsen","(N/A)","PG,SG,G","","1257","FA","25","","1,000,000","MIN","0","0","0","0","0","0","0","0","0","0"
"*03zl4*","Josh Magette","(N/A)","PG,G","","1258","FA","36","","1,000,000","MIN","0","0","0","0","0","0","0","0","0","0"
"*05qz2*","Will Magnay","(N/A)","SF,PF,F,C","","1259","FA","28","","1,000,000","MIN","0","0","0","0","0","0","0","0","0","0"
"*05xn9*","Denzel Mahoney","(N/A)","SG,G","","1260","FA","28","","1,000,000","MIN","0","0","0","0","0","0","0","0","0","0"
"*063rs*","Makur Maker","(N/A)","C","","1261","FA","25","","1,000,000","MIN","0","0","0","0","0","0","0","0","0","0"
"*059y7*","Matur Maker","(N/A)","C","","1262","FA","28","","1,000,000","MIN","0","0","0","0","0","0","0","0","0","0"
"*03lgm*","Thon Maker","(N/A)","PF,F,C","","1263","FA","29","","1,000,000","MIN","0","0","0","0","0","0","0","0","0","0"
"*06hqq*","Hunter Maldonado","(N/A)","SG,G","","1264","FA","27","","1,000,000","MIN","0","0","0","0","0","0","0","0","0","0"
"*05qsr*","Theo Maledon","(N/A)","PG,G","","1265","FA","25","","1,000,000","MIN","0","0","0","0","0","0","0","0","0","0"
"*05qy9*","Karim Mane","(N/A)","PG,G","","1266","FA","26","","1,000,000","MIN","0","0","0","0","0","0","0","0","0","0"
"*06hpm*","Kyle Mangas","(N/A)","PG,G","","1267","FA","27","","1,000,000","MIN","0","0","0","0","0","0","0","0","0","0"
"*05qu3*","Nico Mannion","(N/A)","PG,G","","1268","FA","25","","1,000,000","MIN","0","0","0","0","0","0","0","0","0","0"
"*03e7j*","Devyn Marble","(N/A)","SG,G,SF,F","","1270","FA","33","","1,000,000","MIN","0","0","0","0","0","0","0","0","0","0"
"*06z7s*","Augustas Marciulionis","(N/A)","PG,SG,G","","1271","FA","24","","1,000,000","MIN","0","0","0","0","0","0","0","0","0","0"
"*051q4*","Vanja Marinkovic","(N/A)","SG,G,SF,F","","1272","FA","29","","1,000,000","MIN","0","0","0","0","0","0","0","0","0","0"
"*03r7j*","Jarell Martin","(N/A)","PF,F,C","","1274","FA","32","","1,000,000","MIN","0","0","0","0","0","0","0","0","0","0"
"*06ceo*","Jaylen Martin","(N/A)","SF,F","","1275","FA","22","","1,000,000","MIN","0","0","0","0","0","0","0","0","0","0"
"*052c4*","Jeremiah Martin","(N/A)","PG,G","","1276","FA","30","","1,000,000","MIN","0","0","0","0","0","0","0","0","0","0"
"*057a2*","Kelan Martin","(N/A)","SF,PF,F","","1277","FA","31","","1,000,000","MIN","0","0","0","0","0","0","0","0","0","0"
"*05qym*","Kenyon Martin","(N/A)","SF,F","","1278","FA","25","","1,000,000","MIN","0","0","0","0","0","0","0","0","0","0"
"*0725c*","Mitch Mascari","(N/A)","PG,SG,G","","1280","FA","26","","1,000,000","MIN","0","0","0","0","0","0","0","0","0","0"
"*04ewy*","Frank Mason","(N/A)","PG,G","","1281","FA","32","","1,000,000","MIN","0","0","0","0","0","0","0","0","0","0"
"*06moe*","Yauhen Massalski","(N/A)","PF,F","","1282","FA","27","","1,000,000","MIN","0","0","0","0","0","0","0","0","0","0"
"*059vz*","CJ Massinburg","(N/A)","PG,G","","1283","FA","29","","1,000,000","MIN","0","0","0","0","0","0","0","0","0","0"
"*04xgl*","Yante Maten","(N/A)","SF,F","","1284","FA","30","","1,000,000","MIN","0","0","0","0","0","0","0","0","0","0"
"*04jw2*","Mangok Mathiang","(N/A)","PF,F,C","","1285","FA","33","","1,000,000","MIN","0","0","0","0","0","0","0","0","0","0"
"*055c5*","Dakota Mathias","(N/A)","SG,G","","1286","FA","31","","1,000,000","MIN","0","0","0","0","0","0","0","0","0","0"
"*06yb4*","Cameron Matthews","(N/A)","SF,PF,F","","1287","FA","24","","1,000,000","MIN","0","0","0","0","0","0","0","0","0","0"
"*05qyo*","Charles Matthews","(N/A)","PG,SG,G","","1288","FA","29","","1,000,000","MIN","0","0","0","0","0","0","0","0","0","0"
"*055c6*","Luke Maye","(N/A)","PF,F","","1289","FA","29","","1,000,000","MIN","0","0","0","0","0","0","0","0","0","0"
"*06he0*","Matthew Mayer","(N/A)","PF,F","","1290","FA","26","","1,000,000","MIN","0","0","0","0","0","0","0","0","0","0"
"*05qtu*","Skylar Mays","(N/A)","SG,G","","1291","FA","29","","1,000,000","MIN","0","0","0","0","0","0","0","0","0","0"
"*03jvs*","James Michael McAdoo","(N/A)","PF,F","","1292","FA","33","","1,000,000","MIN","0","0","0","0","0","0","0","0","0","0"
"*04ll1*","Tahjere McCall","(N/A)","SG,G","","1293","FA","32","","1,000,000","MIN","0","0","0","0","0","0","0","0","0","0"
"*042ny*","Patrick McCaw","(N/A)","SG,G,SF,F","","1294","FA","30","","1,000,000","MIN","0","0","0","0","0","0","0","0","0","0"
"*06hrm*","Caleb McConnell","(N/A)","SG,G","","1295","FA","27","","1,000,000","MIN","0","0","0","0","0","0","0","0","0","0"
"*04uq7*","Brandon McCoy","(N/A)","C","","1296","FA","28","","1,000,000","MIN","0","0","0","0","0","0","0","0","0","0"
"*06304*","Javante McCoy","(N/A)","PG,SG,G","","1297","FA","28","","1,000,000","MIN","0","0","0","0","0","0","0","0","0","0"
"*04lci*","Erik McCree","(N/A)","SF,F","","1298","FA","32","","1,000,000","MIN","0","0","0","0","0","0","0","0","0","0"
"*03ad6*","Chris McCullough","(N/A)","PF,F","","1299","FA","31","","1,000,000","MIN","0","0","0","0","0","0","0","0","0","0"
"*051pw*","Jalen McDaniels","(N/A)","SF,F","","1300","FA","28","","1,000,000","MIN","0","0","0","0","0","0","0","0","0","0"
"*03e6y*","K.J. McDaniels","(N/A)","SF,F","","1301","FA","33","","1,000,000","MIN","0","0","0","0","0","0","0","0","0","0"
"*05qte*","Sean McDermott","(N/A)","SF,F","","1302","FA","29","","1,000,000","MIN","0","0","0","0","0","0","0","0","0","0"
"*059fy*","William McDowell-White","(N/A)","SG,G","","1303","FA","28","","1,000,000","MIN","0","0","0","0","0","0","0","0","0","0"
"*03e6p*","Mitch McGary","(N/A)","PF,F,C","","1304","FA","34","","1,000,000","MIN","0","0","0","0","0","0","0","0","0","0"
"*06fpq*","Darius McGhee","(N/A)","PG,G","","1305","FA","27","","1,000,000","MIN","0","0","0","0","0","0","0","0","0","0"
"*06prn*","Gabe McGlothan","(N/A)","SF,PF,F","","1306","FA","27","","1,000,000","MIN","0","0","0","0","0","0","0","0","0","0"
"*05xnj*","Cameron McGriff","(N/A)","SF,F","","1307","FA","28","","1,000,000","MIN","0","0","0","0","0","0","0","0","0","0"
"*0392f*","Rodney McGruder","(N/A)","SG,G","","1308","FA","35","","1,000,000","MIN","0","0","0","0","0","0","0","0","0","0"
"*04jwc*","Alfonzo McKinnie","(N/A)","SF,F","","1309","FA","33","","1,000,000","MIN","0","0","0","0","0","0","0","0","0","0"
"*05wc6*","JaQuori McLaughlin","(N/A)","PG,G","","1310","FA","28","","1,000,000","MIN","0","0","0","0","0","0","0","0","0","0"
"*031lu*","Ben McLemore","(N/A)","SG,G","","1311","FA","33","","1,000,000","MIN","0","0","0","0","0","0","0","0","0","0"
"*06mom*","Jamuni McNeace","(N/A)","C","","1312","FA","30","","1,000,000","MIN","0","0","0","0","0","0","0","0","0","0"
"*03e7m*","Jordan McRae","(N/A)","PG,SG,G","","1313","FA","35","","1,000,000","MIN","0","0","0","0","0","0","0","0","0","0"
"*06muu*","Jack McVeigh","(N/A)","PF,F","","1314","FA","30","","1,000,000","MIN","0","0","0","0","0","0","0","0","0","0"
"*04gwa*","Kennedy Meeks","(N/A)","C","","1315","FA","31","","1,000,000","MIN","0","0","0","0","0","0","0","0","0","0"
"*055bw*","Nicolo Melli","(N/A)","PF,F","","1316","FA","35","","1,000,000","MIN","0","0","0","0","0","0","0","0","0","0"
"*02nfm*","Fab Melo","(N/A)","C","","1317","FA","36","","1,000,000","MIN","0","0","0","0","0","0","0","0","0","0"
"*06hdz*","Nathan Mensah","(N/A)","SF,PF,F,C","","1318","FA","28","","1,000,000","MIN","0","0","0","0","0","0","0","0","0","0"
"*04qsp*","Chimezie Metu","(N/A)","C","","1319","FA","29","","1,000,000","MIN","0","0","0","0","0","0","0","0","0","0"
"*03e7f*","Vasilije Micic","(N/A)","PG,G,SF,F","","1320","FA","32","","1,000,000","MIN","0","0","0","0","0","0","0","0","0","0"
"*03r7n*","Jordan Mickey","(N/A)","PF,F,C","","1321","FA","32","","1,000,000","MIN","0","0","0","0","0","0","0","0","0","0"
"*059cg*","Eric Mika","(N/A)","C","","1322","FA","31","","1,000,000","MIN","0","0","0","0","0","0","0","0","0","0"
"*059g2*","Isaiah Miles","(N/A)","SF,F","","1323","FA","32","","1,000,000","MIN","0","0","0","0","0","0","0","0","0","0"
"*06ceh*","Mike Miles","(N/A)","PG,G","","1324","FA","24","","1,000,000","MIN","0","0","0","0","0","0","0","0","0","0"
"*0723h*","Igor Milicic","(N/A)","SF,PF,F","","1325","FA","24","","1,000,000","MIN","0","0","0","0","0","0","0","0","0","0"
"*02nga*","Darius Miller","(N/A)","SG,G,SF,F","","1327","FA","36","","1,000,000","MIN","0","0","0","0","0","0","0","0","0","0"
"*05wy4*","Isaiah Miller","(N/A)","SG,G","","1328","FA","27","","1,000,000","MIN","0","0","0","0","0","0","0","0","0","0"
"*03woz*","Malcolm Miller","(N/A)","SG,G,SF,PF,F","","1329","FA","33","","1,000,000","MIN","0","0","0","0","0","0","0","0","0","0"
"*06mol*","Seth Millner","(N/A)","SF,F","","1330","FA","26","","1,000,000","MIN","0","0","0","0","0","0","0","0","0","0"
"*01eog*","Patty Mills","(N/A)","PG,G","","1331","FA","38","","1,000,000","MIN","0","0","0","0","0","0","0","0","0","0"
"*04qsu*","Shake Milton","(N/A)","SG,G","","1332","FA","29","","1,000,000","MIN","0","0","0","0","0","0","0","0","0","0"
"*03r7k*","Nikola Milutinov","(N/A)","C","","1333","FA","31","","1,000,000","MIN","0","0","0","0","0","0","0","0","0","0"
"*06avs*","Justin Minaya","(N/A)","SF,F","","1334","FA","27","","1,000,000","MIN","0","0","0","0","0","0","0","0","0","0"
"*064to*","Davion Mintz","(N/A)","PG,SG,G","","1335","FA","28","","1,000,000","MIN","0","0","0","0","0","0","0","0","0","0"
"*06mou*","Judah Mintz","(N/A)","PG,SG,G","","1336","FA","23","","1,000,000","MIN","0","0","0","0","0","0","0","0","0","0"
"*027p8*","Nikola Mirotic","(N/A)","SF,PF,F","","1337","FA","35","","1,000,000","MIN","0","0","0","0","0","0","0","0","0","0"
"*06qf7*","Trhae Mitchell","(N/A)","PG,SG,G","","1339","FA","29","","1,000,000","MIN","0","0","0","0","0","0","0","0","0","0"
"*04l17*","Naz Mitrou-Long","(N/A)","PG,SG,G","","1340","FA","33","","1,000,000","MIN","0","0","0","0","0","0","0","0","0","0"
"*0622c*","Isaiah Mobley","(N/A)","PF,F","","1341","FA","26","","1,000,000","MIN","0","0","0","0","0","0","0","0","0","0"
"*06667*","Aminu Mohammed","(N/A)","PG,SG,G","","1342","FA","24","","1,000,000","MIN","0","0","0","0","0","0","0","0","0","0"
"*0524i*","Adam Mokoka","(N/A)","SG,G","","1343","FA","28","","1,000,000","MIN","0","0","0","0","0","0","0","0","0","0"
"*0623i*","Iverson Molinar","(N/A)","PG,G","","1344","FA","26","","1,000,000","MIN","0","0","0","0","0","0","0","0","0","0"
"*062xs*","Chima Moneke","(N/A)","SF,PF,F","","1345","FA","30","","1,000,000","MIN","0","0","0","0","0","0","0","0","0","0"
"*01uyg*","Greg Monroe","(N/A)","C","","1346","FA","36","","1,000,000","MIN","0","0","0","0","0","0","0","0","0","0"
"*03rxk*","Luis Montero","(N/A)","SF,F","","1347","FA","33","","1,000,000","MIN","0","0","0","0","0","0","0","0","0","0"
"*05qz8*","EJ Montgomery","(N/A)","SF,PF,F","","1348","FA","26","","1,000,000","MIN","0","0","0","0","0","0","0","0","0","0"
"*05ya2*","Xavier Moon","(N/A)","SG,G","","1349","FA","31","","1,000,000","MIN","0","0","0","0","0","0","0","0","0","0"
"*0590n*","Matt Mooney","(N/A)","PG,SG,G","","1350","FA","29","","1,000,000","MIN","0","0","0","0","0","0","0","0","0","0"
"*04j1u*","Ben Moore","(N/A)","SF,F","","1351","FA","31","","1,000,000","MIN","0","0","0","0","0","0","0","0","0","0"
"*04vxx*","Doral Moore","(N/A)","C","","1352","FA","29","","1,000,000","MIN","0","0","0","0","0","0","0","0","0","0"
"*0729i*","Isaih Moore","(N/A)","SF,PF,F","","1353","FA","26","","1,000,000","MIN","0","0","0","0","0","0","0","0","0","0"
"*06cej*","Omari Moore","(N/A)","SG,G,SF,F","","1354","FA","25","","1,000,000","MIN","0","0","0","0","0","0","0","0","0","0"
"*06ho4*","Taze Moore","(N/A)","SG,G","","1355","FA","28","","1,000,000","MIN","0","0","0","0","0","0","0","0","0","0"
"*03gyn*","Eric Moreland","(N/A)","PF,F","","1356","FA","34","","1,000,000","MIN","0","0","0","0","0","0","0","0","0","0"
"*04jw7*","Jeremy Morgan","(N/A)","SG,G","","1357","FA","31","","1,000,000","MIN","0","0","0","0","0","0","0","0","0","0"
"*058a2*","Juwan Morgan","(N/A)","PF,F","","1358","FA","29","","1,000,000","MIN","0","0","0","0","0","0","0","0","0","0"
"*06mns*","Matt Morgan","(N/A)","PG,SG,G","","1359","FA","28","","1,000,000","MIN","0","0","0","0","0","0","0","0","0","0"
"*027pq*","Darius Morris","(N/A)","PG,SG,G","","1360","FA","35","","1,000,000","MIN","0","0","0","0","0","0","0","0","0","0"
"*04mx3*","Jaylen Morris","(N/A)","SG,G","","1361","FA","30","","1,000,000","MIN","0","0","0","0","0","0","0","0","0","0"
"*027oy*","Marcus Morris","(N/A)","PF,F","","1362","FA","37","","1,000,000","MIN","0","0","0","0","0","0","0","0","0","0"
"*027ox*","Markieff Morris","(N/A)","PF,F","","1363","FA","37","","1,000,000","MIN","0","0","0","0","0","0","0","0","0","0"
"*0663x*","Darryl Morsell","(N/A)","PG,SG,G","","1364","FA","27","","1,000,000","MIN","0","0","0","0","0","0","0","0","0","0"
"*027p5*","Donatas Motiejunas","(N/A)","PF,F,C","","1365","FA","35","","1,000,000","MIN","0","0","0","0","0","0","0","0","0","0"
"*04fj7*","Johnathan Motley","(N/A)","SF,PF,F","","1366","FA","31","","1,000,000","MIN","0","0","0","0","0","0","0","0","0","0"
"*05r1s*","Trey Mourning","(N/A)","PF,F","","1367","FA","31","","1,000,000","MIN","0","0","0","0","0","0","0","0","0","0"
"*03acz*","Emmanuel Mudiay","(N/A)","PG,G","","1368","FA","30","","1,000,000","MIN","0","0","0","0","0","0","0","0","0","0"
"*031m1*","Shabazz Muhammad","(N/A)","SG,G,SF,F","","1369","FA","33","","1,000,000","MIN","0","0","0","0","0","0","0","0","0","0"
"*059ft*","Mychal Mulder","(N/A)","PG,G","","1370","FA","32","","1,000,000","MIN","0","0","0","0","0","0","0","0","0","0"
"*05qz5*","Ade Murkey","(N/A)","PG,SG,G","","1371","FA","28","","1,000,000","MIN","0","0","0","0","0","0","0","0","0","0"
"*06moc*","Grayson Murphy","(N/A)","PG,SG,G","","1372","FA","27","","1,000,000","MIN","0","0","0","0","0","0","0","0","0","0"
"*059cx*","Jordan Murphy","(N/A)","SG,G","","1373","FA","29","","1,000,000","MIN","0","0","0","0","0","0","0","0","0","0"
"*0723j*","Matthew Murrell","(N/A)","PG,SG,G","","1374","FA","24","","1,000,000","MIN","0","0","0","0","0","0","0","0","0","0"
"*04qs6*","Dzanan Musa","(N/A)","SF,F","","1375","FA","27","","1,000,000","MIN","0","0","0","0","0","0","0","0","0","0"
"*042oh*","Abdel Nader","(N/A)","SF,PF,F","","1376","FA","32","","1,000,000","MIN","0","0","0","0","0","0","0","0","0","0"
"*06vy0*","Eli John Ndiaye","(N/A)","PF,F","","1377","FA","22","","1,000,000","MIN","0","0","0","0","0","0","0","0","0","0"
"*076u9*","Izaiyah Nelson","ORL","PF,F","R","1378","FA","22","","1,000,000","MIN","0","0","0","0","0","0","0","0","0","0"
"*06moh*","Jameer Nelson","(N/A)","PG,SG,G","","1379","FA","25","","1,000,000","MIN","0","0","0","0","0","0","0","0","0","0"
"*05wqk*","RJ Nembhard","(N/A)","SG,G","","1380","FA","27","","1,000,000","MIN","0","0","0","0","0","0","0","0","0","0"
"*031mx*","Raul Neto","(N/A)","PG,G","","1381","FA","34","","1,000,000","MIN","0","0","0","0","0","0","0","0","0","0"
"*03llw*","Malik Newman","(N/A)","PG,SG,G","","1382","FA","29","","1,000,000","MIN","0","0","0","0","0","0","0","0","0","0"
"*076tx*","Narcisse Ngoy","LAC","C","R","1383","FA","22","","1,000,000","MIN","0","0","0","0","0","0","0","0","0","0"
"*042o9*","Georges Niang","GS","PF,F","","1384","FA","33","","1,000,000","MIN","0","0","0","0","0","0","0","0","0","0"
"*06va2*","Saliou Niang","(N/A)","SF,PF,F","","1385","FA","22","","1,000,000","MIN","0","0","0","0","0","0","0","0","0","0"
"*06moy*","Joirdon Nicholas","(N/A)","SF,PF,F","","1386","FA","27","","1,000,000","MIN","0","0","0","0","0","0","0","0","0","0"
"*05vyx*","Daishen Nix","(N/A)","PG,G","","1388","FA","24","","1,000,000","MIN","0","0","0","0","0","0","0","0","0","0"
"*06cbj*","James Nnaji","(N/A)","C","","1389","FA","22","","1,000,000","MIN","0","0","0","0","0","0","0","0","0","0"
"*04lbv*","Landry Nnoko","(N/A)","C","","1390","FA","32","","1,000,000","MIN","0","0","0","0","0","0","0","0","0","0"
"*031lt*","Nerlens Noel","(N/A)","C","","1391","FA","32","","1,000,000","MIN","0","0","0","0","0","0","0","0","0","0"
"*06eoe*","Obadiah Noel","(N/A)","SG,G","","1392","FA","27","","1,000,000","MIN","0","0","0","0","0","0","0","0","0","0"
"*031m3*","Lucas Nogueira","(N/A)","PF,F,C","","1393","FA","34","","1,000,000","MIN","0","0","0","0","0","0","0","0","0","0"
"*06hhm*","Landers Nolley","(N/A)","SG,G","","1394","FA","26","","1,000,000","MIN","0","0","0","0","0","0","0","0","0","0"
"*06cp3*","Miles Norris","(N/A)","PF,F","","1395","FA","26","","1,000,000","MIN","0","0","0","0","0","0","0","0","0","0"
"*0522v*","Zach Norvell","(N/A)","SG,G","","1396","FA","28","","1,000,000","MIN","0","0","0","0","0","0","0","0","0","0"
"*051pn*","Jaylen Nowell","(N/A)","SG,G","","1397","FA","27","","1,000,000","MIN","0","0","0","0","0","0","0","0","0","0"
"*06cer*","Markquis Nowell","(N/A)","PG,SG,G","","1398","FA","26","","1,000,000","MIN","0","0","0","0","0","0","0","0","0","0"
"*04416*","Frank Ntilikina","(N/A)","PG,G","","1399","FA","28","","1,000,000","MIN","0","0","0","0","0","0","0","0","0","0"
"*06mli*","Juan Nunez","(N/A)","PG,SG,G","","1400","FA","22","","1,500,000","MIN","0","0","0","0","0","0","0","0","0","0"
"*04xgj*","Kendrick Nunn","(N/A)","PG,G","","1401","FA","31","","1,000,000","MIN","0","0","0","0","0","0","0","0","0","0"
"*0393n*","James Nunnally","(N/A)","SF,F","","1402","FA","36","","1,000,000","MIN","0","0","0","0","0","0","0","0","0","0"
"*04aqo*","David Nwaba","(N/A)","SF,F","","1403","FA","33","","1,000,000","MIN","0","0","0","0","0","0","0","0","0","0"
"*05qt6*","Jordan Nwora","(N/A)","SF,F","","1404","FA","27","","1,000,000","MIN","0","0","0","0","0","0","0","0","0","0"
"*0622h*","Yannick Nzosa","(N/A)","C","","1405","FA","22","","1,000,000","MIN","0","0","0","0","0","0","0","0","0","0"
"*03siq*","JJ O'Brien","(N/A)","SF,F","","1406","FA","34","","1,000,000","MIN","0","0","0","0","0","0","0","0","0","0"
"*03e72*","Johnny O'Bryant III","(N/A)","PF,F","","1407","FA","33","","1,000,000","MIN","0","0","0","0","0","0","0","0","0","0"
"*0484a*","Daniel Ochefu","(N/A)","C","","1411","FA","32","","1,000,000","MIN","0","0","0","0","0","0","0","0","0","0"
"*06669*","Alex O'Connell","(N/A)","PG,SG,G","","1408","FA","27","","1,000,000","MIN","0","0","0","0","0","0","0","0","0","0"
"*059il*","Norense Odiase","(N/A)","C","","1412","FA","30","","1,000,000","MIN","0","0","0","0","0","0","0","0","0","0"
"*04ex0*","Semi Ojeleye","(N/A)","SF,PF,F","","1413","FA","31","","1,000,000","MIN","0","0","0","0","0","0","0","0","0","0"
"*03ad1*","Jahlil Okafor","(N/A)","C","","1414","FA","30","","1,000,000","MIN","0","0","0","0","0","0","0","0","0","0"
"*051ow*","Chuma Okeke","(N/A)","PF,F","","1415","FA","28","","1,000,000","MIN","0","0","0","0","0","0","0","0","0","0"
"*076uh*","AK Okereke","LAL","SF,PF,F","R","1416","FA","0","","1,000,000","MIN","0","0","0","0","0","0","0","0","0","0"
"*04qs8*","Elie Okobo","(N/A)","PG,G","","1417","FA","28","","1,000,000","MIN","0","0","0","0","0","0","0","0","0","0"
"*051pc*","KZ Okpala","(N/A)","PF,F","","1419","FA","27","","1,000,000","MIN","0","0","0","0","0","0","0","0","0","0"
"*031lp*","Victor Oladipo","(N/A)","SG,G","","1421","FA","34","","1,000,000","MIN","0","0","0","0","0","0","0","0","0","0"
"*06mob*","Quincy Olivari","(N/A)","PG,G","","1422","FA","25","","1,000,000","MIN","0","0","0","0","0","0","0","0","0","0"
"*04fj9*","Cameron Oliver","(N/A)","SF,PF,F","","1423","FA","30","","1,000,000","MIN","0","0","0","0","0","0","0","0","0","0"
"*05uuo*","Eugene Omoruyi","(N/A)","SF,F","","1424","FA","29","","1,000,000","MIN","0","0","0","0","0","0","0","0","0","0"
"*04xic*","Nuni Omot","(N/A)","SF,F","","1425","FA","31","","1,000,000","MIN","0","0","0","0","0","0","0","0","0","0"
"*06239*","Shareef O'Neal","(N/A)","PF,F","","1409","FA","26","","1,000,000","MIN","0","0","0","0","0","0","0","0","0","0"
"*06hie*","Nick Ongenda","(N/A)","C","","1426","FA","25","","1,000,000","MIN","0","0","0","0","0","0","0","0","0","0"
"*051q2*","Miye Oni","(N/A)","SG,G","","1427","FA","29","","1,000,000","MIN","0","0","0","0","0","0","0","0","0","0"
"*05ux2*","EJ Onu","(N/A)","PF,F","","1428","FA","27","","1,000,000","MIN","0","0","0","0","0","0","0","0","0","0"
"*042nx*","Chinanu Onuaku","(N/A)","PF,F,C","","1429","FA","29","","1,000,000","MIN","0","0","0","0","0","0","0","0","0","0"
"*02ngd*","Kyle O'Quinn","(N/A)","PF,F,C","","1410","FA","36","","1,000,000","MIN","0","0","0","0","0","0","0","0","0","0"
"*06prm*","Gabe Osabuohien","(N/A)","SF,PF,F","","1431","FA","27","","1,000,000","MIN","0","0","0","0","0","0","0","0","0","0"
"*031n1*","Romero Osby","(N/A)","SF,PF,F","","1432","FA","36","","1,000,000","MIN","0","0","0","0","0","0","0","0","0","0"
"*03r7m*","Cedi Osman","(N/A)","SF,F","","1433","FA","31","","1,000,000","MIN","0","0","0","0","0","0","0","0","0","0"
"*05que*","Daniel Oturu","(N/A)","C","","1434","FA","26","","1,000,000","MIN","0","0","0","0","0","0","0","0","0","0"
"*04hon*","Yakuba Ouattara","(N/A)","SG,G","","1435","FA","34","","1,000,000","MIN","0","0","0","0","0","0","0","0","0","0"
"*059im*","Tariq Owens","(N/A)","PF,F","","1437","FA","31","","1,000,000","MIN","0","0","0","0","0","0","0","0","0","0"
"*05ybc*","Jaysean Paige","(N/A)","PG,G","","1438","FA","32","","1,000,000","MIN","0","0","0","0","0","0","0","0","0","0"
"*042oe*","Marcus Paige","(N/A)","PG,G","","1439","FA","32","","1,000,000","MIN","0","0","0","0","0","0","0","0","0","0"
"*059qa*","James Palmer Jr.","(N/A)","SG,G","","1440","FA","30","","1,000,000","MIN","0","0","0","0","0","0","0","0","0","0"
"*05yaa*","Trayvon Palmer","(N/A)","SG,G","","1441","FA","31","","1,000,000","MIN","0","0","0","0","0","0","0","0","0","0"
"*05wn0*","Kevin Pangos","(N/A)","SG,G","","1442","FA","33","","1,000,000","MIN","0","0","0","0","0","0","0","0","0","0"
"*042n9*","Georgios Papagiannis","(N/A)","C","","1443","FA","29","","1,000,000","MIN","0","0","0","0","0","0","0","0","0","0"
"*02ngc*","Kostas Papanikolaou","(N/A)","SF,PF,F","","1444","FA","36","","1,000,000","MIN","0","0","0","0","0","0","0","0","0","0"
"*02v2t*","Jabari Parker","(N/A)","SF,PF,F","","1445","FA","31","","1,000,000","MIN","0","0","0","0","0","0","0","0","0","0"
"*051pl*","Eric Paschall","(N/A)","PF,F","","1446","FA","29","","1,000,000","MIN","0","0","0","0","0","0","0","0","0","0"
"*04ewp*","Anzejs Pasecniks","(N/A)","C","","1447","FA","30","","1,000,000","MIN","0","0","0","0","0","0","0","0","0","0"
"*05qzb*","Devonte Patterson","(N/A)","SF,F","","1448","FA","29","","1,000,000","MIN","0","0","0","0","0","0","0","0","0","0"
"*04ewh*","Justin Patton","(N/A)","C","","1449","FA","29","","1,000,000","MIN","0","0","0","0","0","0","0","0","0","0"
"*03e6m*","Elfrid Payton","(N/A)","PG,G","","1450","FA","32","","1,000,000","MIN","0","0","0","0","0","0","0","0","0","0"
"*04l1u*","L.J. Peak","(N/A)","SG,G","","1451","FA","30","","1,000,000","MIN","0","0","0","0","0","0","0","0","0","0"
"*04vyd*","Norvel Pelle","(N/A)","C","","1453","FA","33","","1,000,000","MIN","0","0","0","0","0","0","0","0","0","0"
"*06mnq*","Drew Pember","(N/A)","SF,PF,F","","1454","FA","22","","1,000,000","MIN","0","0","0","0","0","0","0","0","0","0"
"*06kxd*","Maozinha Pereira","(N/A)","SF,F","","1455","FA","26","","1,000,000","MIN","0","0","0","0","0","0","0","0","0","0"
"*059fw*","Josh Perkins","(N/A)","PG,G","","1456","FA","31","","1,000,000","MIN","0","0","0","0","0","0","0","0","0","0"
"*04k4q*","London Perrantes","(N/A)","PG,G","","1457","FA","31","","1,000,000","MIN","0","0","0","0","0","0","0","0","0","0"
"*05qsz*","Reggie Perry","(N/A)","PF,F","","1458","FA","26","","1,000,000","MIN","0","0","0","0","0","0","0","0","0","0"
"*04exh*","Alec Peters","(N/A)","PF,F","","1459","FA","31","","1,000,000","MIN","0","0","0","0","0","0","0","0","0","0"
"*059cm*","Lamar Peters","(N/A)","PG,G","","1460","FA","28","","1,000,000","MIN","0","0","0","0","0","0","0","0","0","0"
"*05ujo*","Filip Petrusev","(N/A)","PF,F,C","","1462","FA","26","","1,000,000","MIN","0","0","0","0","0","0","0","0","0","0"
"*05xog*","John Petty","(N/A)","SG,G","","1463","FA","27","","1,000,000","MIN","0","0","0","0","0","0","0","0","0","0"
"*04zi8*","Tarik Phillip","(N/A)","PG,G","","1464","FA","33","","1,000,000","MIN","0","0","0","0","0","0","0","0","0","0"
"*05wvv*","Jamorko Pickett","(N/A)","SF,F","","1466","FA","28","","1,000,000","MIN","0","0","0","0","0","0","0","0","0","0"
"*076u5*","Jaron Pierre","NO","SG,G","R","1467","FA","24","","1,000,000","MIN","0","0","0","0","0","0","0","0","0","0"
"*07235*","Jonathan Pierre","(N/A)","SF,PF,F","","1468","FA","23","","1,000,000","MIN","0","0","0","0","0","0","0","0","0","0"
"*0665c*","Nate Pierre-Louis","(N/A)","SF,PF,F","","1469","FA","27","","1,000,000","MIN","0","0","0","0","0","0","0","0","0","0"
"*055ol*","Isaiah Pineiro","(N/A)","SG,G","","1470","FA","31","","1,000,000","MIN","0","0","0","0","0","0","0","0","0","0"
"*04uq6*","Theo Pinson","(N/A)","SG,G","","1471","FA","30","","1,000,000","MIN","0","0","0","0","0","0","0","0","0","0"
"*059vm*","Kavion Pippen","(N/A)","C","","1472","FA","29","","1,000,000","MIN","0","0","0","0","0","0","0","0","0","0"
"*043i5*","Marshall Plumlee","(N/A)","C","","1473","FA","34","","1,000,000","MIN","0","0","0","0","0","0","0","0","0","0"
"*03r86*","Sir'Dominic Pointer","(N/A)","SF,F","","1474","FA","34","","1,000,000","MIN","0","0","0","0","0","0","0","0","0","0"
"*052h2*","Vincent Poirier","(N/A)","C","","1475","FA","32","","1,000,000","MIN","0","0","0","0","0","0","0","0","0","0"
"*05qud*","Aleksej Pokusevski","(N/A)","PF,F","","1476","FA","24","","1,000,000","MIN","0","0","0","0","0","0","0","0","0","0"
"*06psv*","Tyler Polley","(N/A)","SF,F","","1477","FA","27","","1,000,000","MIN","0","0","0","0","0","0","0","0","0","0"
"*059fz*","Shamorie Ponds","(N/A)","PG,G","","1478","FA","28","","1,000,000","MIN","0","0","0","0","0","0","0","0","0","0"
"*05uum*","Yves Pons","(N/A)","SF,F","","1479","FA","27","","1,000,000","MIN","0","0","0","0","0","0","0","0","0","0"
"*05gwp*","Jontay Porter","(N/A)","PF,F,C","","1480","FA","26","","1,000,000","MIN","0","0","0","0","0","0","0","0","0","0"
"*031lq*","Otto Porter","(N/A)","SF,F","","1481","FA","33","","1,000,000","MIN","0","0","0","0","0","0","0","0","0","0"
"*06gnp*","Justin Powell","(N/A)","SG,G","","1482","FA","25","","1,000,000","MIN","0","0","0","0","0","0","0","0","0","0"
"*05qsv*","Myles Powell","(N/A)","PG,SG,G","","1483","FA","29","","1,000,000","MIN","0","0","0","0","0","0","0","0","0","0"
"*047j6*","Alex Poythress","(N/A)","SF,F","","1484","FA","32","","1,000,000","MIN","0","0","0","0","0","0","0","0","0","0"
"*04rvz*","Billy Preston","(N/A)","SF,PF,F","","1485","FA","28","","1,000,000","MIN","0","0","0","0","0","0","0","0","0","0"
"*05uj7*","Jason Preston","(N/A)","PG,G","","1486","FA","27","","1,000,000","MIN","0","0","0","0","0","0","0","0","0","0"
"*06mnt*","Charles Pride","(N/A)","PG,SG,G","","1487","FA","26","","1,000,000","MIN","0","0","0","0","0","0","0","0","0","0"
"*05uim*","Joshua Primo","(N/A)","SG,G,SF,F","","1488","FA","23","","1,000,000","MIN","0","0","0","0","0","0","0","0","0","0"
"*0621z*","Gabriele Procida","(N/A)","SG,G","","1489","FA","24","","1,000,000","MIN","0","0","0","0","0","0","0","0","0","0"
"*042o2*","Zhou Qi","(N/A)","PF,F","","1490","FA","30","","1,000,000","MIN","0","0","0","0","0","0","0","0","0","0"
"*044tf*","Tim Quarterman","(N/A)","PG,G","","1492","FA","31","","1,000,000","MIN","0","0","0","0","0","0","0","0","0","0"
"*05qtg*","Trevelin Queen","(N/A)","SG,G","","1493","FA","29","","1,000,000","MIN","0","0","0","0","0","0","0","0","0","0"
"*0623c*","Lester Quinones","(N/A)","SG,G","","1494","FA","25","","1,000,000","MIN","0","0","0","0","0","0","0","0","0","0"
"*03llv*","Ivan Rabb","(N/A)","PF,F","","1495","FA","29","","1,000,000","MIN","0","0","0","0","0","0","0","0","0","0"
"*05xo8*","Brandon Rachal","(N/A)","SG,G","","1496","FA","26","","1,000,000","MIN","0","0","0","0","0","0","0","0","0","0"
"*06moj*","Tyrece Radford","(N/A)","PG,G","","1497","FA","27","","1,000,000","MIN","0","0","0","0","0","0","0","0","0","0"
"*03r8a*","Nikola Radicevic","DEN","PG,G","","1498","FA","32","","1,000,000","MIN","0","0","0","0","0","0","0","0","0","0"
"*05qtx*","Jahmi'us Ramsey","(N/A)","SG,G","","1499","FA","25","","1,000,000","MIN","0","0","0","0","0","0","0","0","0","0"
"*045gs*","Chasson Randle","(N/A)","PG,G","","1500","FA","33","","1,000,000","MIN","0","0","0","0","0","0","0","0","0","0"
"*03wp0*","Levi Randolph","(N/A)","SG,G","","1501","FA","33","","1,000,000","MIN","0","0","0","0","0","0","0","0","0","0"
"*04k0r*","Xavier Rathan-Mayes","(N/A)","PG,G","","1502","FA","32","","1,000,000","MIN","0","0","0","0","0","0","0","0","0","0"
"*055ok*","Josh Reaves","(N/A)","SG,G","","1503","FA","29","","1,000,000","MIN","0","0","0","0","0","0","0","0","0","0"
"*051oq*","Cam Reddish","(N/A)","SG,G,SF,F","","1504","FA","27","","1,000,000","MIN","0","0","0","0","0","0","0","0","0","0"
"*04eww*","Davon Reed","(N/A)","SG,G","","1505","FA","31","","1,000,000","MIN","0","0","0","0","0","0","0","0","0","0"
"*02x6i*","Willie Reed","(N/A)","PF,F,C","","1507","FA","36","","1,000,000","MIN","0","0","0","0","0","0","0","0","0","0"
"*06pvu*","Alex Reese","(N/A)","PF,F","","1508","FA","27","","1,000,000","MIN","0","0","0","0","0","0","0","0","0","0"
"*0664x*","A.J. Reeves","(N/A)","PG,SG,G","","1509","FA","27","","1,000,000","MIN","0","0","0","0","0","0","0","0","0","0"
"*05xkz*","Nate Renfro","(N/A)","SF,F","","1510","FA","29","","1,000,000","MIN","0","0","0","0","0","0","0","0","0","0"
"*04xl8*","Cameron Reynolds","(N/A)","SG,G,SF,F","","1511","FA","31","","1,000,000","MIN","0","0","0","0","0","0","0","0","0","0"
"*063d0*","Jared Rhoden","(N/A)","SG,G","","1512","FA","27","","1,000,000","MIN","0","0","0","0","0","0","0","0","0","0"
"*06cem*","Sir'Jabari Rice","(N/A)","SG,G","","1513","FA","27","","1,000,000","MIN","0","0","0","0","0","0","0","0","0","0"
"*03r7u*","Josh Richardson","(N/A)","PG,SG,G","","1514","FA","32","","1,000,000","MIN","0","0","0","0","0","0","0","0","0","0"
"*042nh*","Malachi Richardson","(N/A)","SG,G","","1515","FA","30","","1,000,000","MIN","0","0","0","0","0","0","0","0","0","0"
"*05qtp*","Grant Riller","(N/A)","PG,G","","1516","FA","29","","1,000,000","MIN","0","0","0","0","0","0","0","0","0","0"
"*02nfa*","Austin Rivers","(N/A)","SG,G","","1517","FA","34","","1,000,000","MIN","0","0","0","0","0","0","0","0","0","0"
"*06hil*","Liam Robbins","(N/A)","SF,PF,F,C","","1518","FA","27","","1,000,000","MIN","0","0","0","0","0","0","0","0","0","0"
"*031md*","Andre Roberson","(N/A)","SG,G,SF,F","","1519","FA","34","","1,000,000","MIN","0","0","0","0","0","0","0","0","0","0"
"*06hrv*","Nate Roberts","(N/A)","C","","1520","FA","26","","1,000,000","MIN","0","0","0","0","0","0","0","0","0","0"
"*04hop*","Devin Robinson","(N/A)","SG,G,SF,F","","1521","FA","31","","1,000,000","MIN","0","0","0","0","0","0","0","0","0","0"
"*06prj*","Galen Robinson","(N/A)","PG,G","","1522","FA","29","","1,000,000","MIN","0","0","0","0","0","0","0","0","0","0"
"*03aqc*","Glenn Robinson","(N/A)","SG,G,SF,F","","1523","FA","32","","1,000,000","MIN","0","0","0","0","0","0","0","0","0","0"
"*04qrq*","Jerome Robinson","(N/A)","SG,G","","1524","FA","29","","1,000,000","MIN","0","0","0","0","0","0","0","0","0","0"
"*056ap*","Justin Robinson","(N/A)","PG,G","","1525","FA","28","","1,000,000","MIN","0","0","0","0","0","0","0","0","0","0"
"*051pp*","Isaiah Roby","(N/A)","PF,F","","1526","FA","28","","1,000,000","MIN","0","0","0","0","0","0","0","0","0","0"
"*0723i*","DJ Rodman","(N/A)","PG,SG,G,SF,PF,F","","1527","FA","25","","1,000,000","MIN","0","0","0","0","0","0","0","0","0","0"
"*06mo8*","Jackson Rowe","(N/A)","PF,F","","1528","FA","29","","1,000,000","MIN","0","0","0","0","0","0","0","0","0","0"
"*03nwl*","Terry Rozier","MIA","PG,G","","1529","FA","32","","1,000,000","MIN","0","0","0","0","0","0","0","0","0","0"
"*06mo9*","Mantas Rubstavicius","(N/A)","PG,G","","1530","FA","24","","1,000,000","MIN","0","0","0","0","0","0","0","0","0","0"
"*05xco*","Matt Ryan","(N/A)","SF,F","","1531","FA","29","","1,000,000","MIN","0","0","0","0","0","0","0","0","0","0"
"*06moz*","Neal Sako","(N/A)","C","","1532","FA","28","","1,000,000","MIN","0","0","0","0","0","0","0","0","0","0"
"*051oz*","Luka Samanic","(N/A)","PF,F","","1533","FA","26","","1,000,000","MIN","0","0","0","0","0","0","0","0","0","0"
"*04xm0*","Brandon Sampson","(N/A)","PG,G","","1534","FA","29","","1,000,000","MIN","0","0","0","0","0","0","0","0","0","0"
"*03ku5*","JaKarr Sampson","(N/A)","SF,F","","1535","FA","33","","1,000,000","MIN","0","0","0","0","0","0","0","0","0","0"
"*071oo*","Tyrese Samuel","(N/A)","SF,PF,F","","1536","FA","26","","1,000,000","MIN","0","0","0","0","0","0","0","0","0","0"
"*0666c*","Jermaine Samuels","(N/A)","SF,F","","1537","FA","27","","1,000,000","MIN","0","0","0","0","0","0","0","0","0","0"
"*06cek*","Adama Sanogo","(N/A)","C","","1538","FA","24","","1,000,000","MIN","0","0","0","0","0","0","0","0","0","0"
"*04qsl*","Issuf Sanon","(N/A)","PG,G","","1539","FA","26","","1,000,000","MIN","0","0","0","0","0","0","0","0","0","0"
"*02nfw*","Tomas Satoransky","(N/A)","SG,G","","1540","FA","34","","1,000,000","MIN","0","0","0","0","0","0","0","0","0","0"
"*05x7g*","Jordan Schakel","(N/A)","SF,F","","1542","FA","28","","1,000,000","MIN","0","0","0","0","0","0","0","0","0","0"
"*051pm*","Admiral Schofield","(N/A)","PF,F","","1543","FA","29","","1,000,000","MIN","0","0","0","0","0","0","0","0","0","0"
"*059xh*","Mike Scott","(N/A)","PG,G","","1544","FA","33","","1,000,000","MIN","0","0","0","0","0","0","0","0","0","0"
"*03wou*","Shannon Scott","(N/A)","SG,G","","1545","FA","33","","1,000,000","MIN","0","0","0","0","0","0","0","0","0","0"
"*05qsy*","Jay Scrubb","(N/A)","SG,G","","1546","FA","26","","1,000,000","MIN","0","0","0","0","0","0","0","0","0","0"
"*0623k*","Dereon Seabron","(N/A)","SG,G","","1547","FA","26","","1,000,000","MIN","0","0","0","0","0","0","0","0","0","0"
"*03byj*","Wayne Selden Jr.","(N/A)","SG,G","","1548","FA","31","","1,000,000","MIN","0","0","0","0","0","0","0","0","0","0"
"*076ur*","Jaylin Sellers","CHI","PG,G","R","1549","FA","23","","1,000,000","MIN","0","0","0","0","0","0","0","0","0","0"
"*05qyy*","Nate Sestina","(N/A)","SF,F","","1550","FA","29","","1,000,000","MIN","0","0","0","0","0","0","0","0","0","0"
"*0729d*","Steve Settle","(N/A)","SF,PF,F","","1551","FA","25","","1,000,000","MIN","0","0","0","0","0","0","0","0","0","0"
"*0663t*","Jaden Shackelford","(N/A)","PG,SG,G","","1552","FA","25","","1,000,000","MIN","0","0","0","0","0","0","0","0","0","0"
"*06nz5*","Jamarion Sharp","LAC","C","","1554","FA","25","","1,000,000","MIN","0","0","0","0","0","0","0","0","0","0"
"*051py*","Marial Shayok","(N/A)","SG,G,SF,F","","1555","FA","31","","1,000,000","MIN","0","0","0","0","0","0","0","0","0","0"
"*02ngi*","Tornike Shengelia","(N/A)","SF,PF,F","","1556","FA","34","","1,000,000","MIN","0","0","0","0","0","0","0","0","0","0"
"*059g5*","Simi Shittu","(N/A)","PF,F,C","","1557","FA","26","","1,000,000","MIN","0","0","0","0","0","0","0","0","0","0"
"*05xp4*","Devontae Shuler","(N/A)","PG,G","","1558","FA","28","","1,000,000","MIN","0","0","0","0","0","0","0","0","0","0"
"*0723k*","Christian Shumate","(N/A)","SF,PF,F","","1559","FA","24","","1,000,000","MIN","0","0","0","0","0","0","0","0","0","0"
"*027p1*","Iman Shumpert","(N/A)","SG,G,SF,F","","1560","FA","36","","1,000,000","MIN","0","0","0","0","0","0","0","0","0","0"
"*03wox*","Jordan Sibert","(N/A)","SG,G","","1561","FA","34","","1,000,000","MIN","0","0","0","0","0","0","0","0","0","0"
"*052c5*","Chris Silva","(N/A)","PF,F","","1562","FA","29","","1,000,000","MIN","0","0","0","0","0","0","0","0","0","0"
"*03lg1*","Ben Simmons","SAC","PG,SG,G","","1563","FA","30","","1,000,000","MIN","0","0","0","0","0","0","0","0","0","0"
"*03se0*","Jonathon Simmons","(N/A)","SG,G,SF,F","","1564","FA","36","","1,000,000","MIN","0","0","0","0","0","0","0","0","0","0"
"*04is8*","Kobi Simmons","(N/A)","PG,G","","1565","FA","29","","1,000,000","MIN","0","0","0","0","0","0","0","0","0","0"
"*05uw9*","Aamir Simms","(N/A)","PF,F","","1566","FA","27","","1,000,000","MIN","0","0","0","0","0","0","0","0","0","0"
"*03lgl*","Justin Simon","(N/A)","SG,G","","1567","FA","30","","1,000,000","MIN","0","0","0","0","0","0","0","0","0","0"
"*05qsm*","Marko Simonovic","(N/A)","C","","1568","FA","26","","1,000,000","MIN","0","0","0","0","0","0","0","0","0","0"
"*05qtz*","Zavier Simpson","(N/A)","PG,G","","1569","FA","29","","1,000,000","MIN","0","0","0","0","0","0","0","0","0","0"
"*064s6*","Jaylen Sims","(N/A)","PG,SG,G","","1570","FA","27","","1,000,000","MIN","0","0","0","0","0","0","0","0","0","0"
"*051ph*","Deividas Sirvydis","(N/A)","SG,G","","1571","FA","26","","1,000,000","MIN","0","0","0","0","0","0","0","0","0","0"
"*06iei*","Dmytro Skapintsev","(N/A)","C","","1572","FA","28","","1,000,000","MIN","0","0","0","0","0","0","0","0","0","0"
"*06mnv*","Brandon Slater","(N/A)","SF,PF,F","","1573","FA","26","","1,000,000","MIN","0","0","0","0","0","0","0","0","0","0"
"*051pj*","Alen Smailagic","(N/A)","PF,F","","1574","FA","26","","1,000,000","MIN","0","0","0","0","0","0","0","0","0","0"
"*05wqq*","Javonte Smart","(N/A)","PG,G","","1575","FA","27","","1,000,000","MIN","0","0","0","0","0","0","0","0","0","0"
"*05uuk*","Chris Smith","(N/A)","PG,SG,G,PF,F","","1577","FA","26","","1,000,000","MIN","0","0","0","0","0","0","0","0","0","0"
"*049s5*","Dennis Smith","(N/A)","PG,G","","1578","FA","28","","1,000,000","MIN","0","0","0","0","0","0","0","0","0","0"
"*04xbb*","Scoochie Smith","(N/A)","SG,G","","1579","FA","31","","1,000,000","MIN","0","0","0","0","0","0","0","0","0","0"
"*06cet*","Terquavion Smith","(N/A)","PG,G","","1580","FA","23","","1,000,000","MIN","0","0","0","0","0","0","0","0","0","0"
"*04qrt*","Zhaire Smith","(N/A)","SG,G","","1581","FA","27","","1,000,000","MIN","0","0","0","0","0","0","0","0","0","0"
"*05qvt*","Xavier Sneed","(N/A)","SF,F","","1582","FA","28","","1,000,000","MIN","0","0","0","0","0","0","0","0","0","0"
"*031m7*","Tony Snell","(N/A)","SG,G","","1583","FA","34","","1,000,000","MIN","0","0","0","0","0","0","0","0","0","0"
"*03kub*","Richard Solomon","OKC","PF,F","","1584","FA","34","@SA Tue 6:30PM","1,000,000","MIN","0","0","0","0","0","0","0","0","0","0"
"*06moa*","Roman Sorkin","(N/A)","PF,F","","1586","FA","30","","1,000,000","MIN","0","0","0","0","0","0","0","0","0","0"
"*0389e*","James Southerland","(N/A)","SF,F","","1587","FA","36","","1,000,000","MIN","0","0","0","0","0","0","0","0","0","0"
"*0622d*","Matteo Spagnolo","(N/A)","SG,G","","1588","FA","23","","1,000,000","MIN","0","0","0","0","0","0","0","0","0","0"
"*04qsw*","Ray Spalding","(N/A)","PF,F","","1589","FA","29","","1,000,000","MIN","0","0","0","0","0","0","0","0","0","0"
"*04qs7*","Omari Spellman","(N/A)","PF,F,C","","1590","FA","29","","1,000,000","MIN","0","0","0","0","0","0","0","0","0","0"
"*05uj2*","Jaden Springer","(N/A)","PG,G","","1591","FA","23","","1,000,000","MIN","0","0","0","0","0","0","0","0","0","0"
"*05qt8*","Cassius Stanley","(N/A)","SG,G","","1592","FA","27","","1,000,000","MIN","0","0","0","0","0","0","0","0","0","0"
"*04xhv*","Jonathan Stark","(N/A)","PG,G","","1593","FA","31","","1,000,000","MIN","0","0","0","0","0","0","0","0","0","0"
"*03e6l*","Nik Stauskas","(N/A)","SG,G","","1594","FA","32","","1,000,000","MIN","0","0","0","0","0","0","0","0","0","0"
"*06hso*","Jake Stephens","(N/A)","C","","1596","FA","26","","1,000,000","MIN","0","0","0","0","0","0","0","0","0","0"
"*01uza*","Lance Stephenson","(N/A)","SF,F","","1597","FA","36","","1,000,000","MIN","0","0","0","0","0","0","0","0","0","0"
"*05qsj*","Lamar Stevens","(N/A)","PF,F","","1598","FA","29","","1,000,000","MIN","0","0","0","0","0","0","0","0","0","0"
"*06qdx*","Erik Stevenson","(N/A)","PG,SG,G","","1599","FA","27","","1,000,000","MIN","0","0","0","0","0","0","0","0","0","0"
"*05xcn*","DJ Steward","(N/A)","SG,G","","1600","FA","24","","1,000,000","MIN","0","0","0","0","0","0","0","0","0","0"
"*05wvy*","D.J. Stewart","(N/A)","PG,SG,G","","1601","FA","27","","1,000,000","MIN","0","0","0","0","0","0","0","0","0","0"
"*04xge*","Elijah Stewart","(N/A)","SG,G","","1602","FA","30","","1,000,000","MIN","0","0","0","0","0","0","0","0","0","0"
"*078g2*","Kobe Stewart","CHA","SG,G","R","1603","FA","24","","1,000,000","MIN","0","0","0","0","0","0","0","0","0","0"
"*03ku8*","David Stockton","(N/A)","PG,G","","1605","FA","35","","1,000,000","MIN","0","0","0","0","0","0","0","0","0","0"
"*03e71*","Jarnell Stokes","(N/A)","PF,F","","1606","FA","32","","1,000,000","MIN","0","0","0","0","0","0","0","0","0","0"
"*03llt*","Diamond Stone","(N/A)","C","","1607","FA","29","","1,000,000","MIN","0","0","0","0","0","0","0","0","0","0"
"*076un*","Peter Suder","(N/A)","SG,G","R","1608","FA","20","","1,000,000","MIN","0","0","0","0","0","0","0","0","0","0"
"*0480c*","Rasheed Sulaimon","(N/A)","SG,G","","1609","FA","32","","1,000,000","MIN","0","0","0","0","0","0","0","0","0","0"
"*02nfl*","Jared Sullinger","(N/A)","PF,F,C","","1610","FA","34","","1,000,000","MIN","0","0","0","0","0","0","0","0","0","0"
"*04exf*","Edmond Sumner","(N/A)","SG,G","","1611","FA","30","","1,000,000","MIN","0","0","0","0","0","0","0","0","0","0"
"*05qvh*","Dwayne Sutton","(N/A)","SF,PF,F","","1612","FA","29","","1,000,000","MIN","0","0","0","0","0","0","0","0","0","0"
"*04ewq*","Caleb Swanigan","(N/A)","PF,F,C","","1614","FA","29","","1,000,000","MIN","0","0","0","0","0","0","0","0","0","0"
"*0623n*","Cole Swider","(N/A)","SF,F","","1615","FA","27","","1,000,000","MIN","0","0","0","0","0","0","0","0","0","0"
"*05ya8*","Craig Sword","(N/A)","SG,G","","1616","FA","32","","1,000,000","MIN","0","0","0","0","0","0","0","0","0","0"
"*03wqx*","Keifer Sykes","(N/A)","PG,SG,G","","1617","FA","32","","1,000,000","MIN","0","0","0","0","0","0","0","0","0","0"
"*05x7f*","Anthony Tarke","(N/A)","SG,G","","1618","FA","28","","1,000,000","MIN","0","0","0","0","0","0","0","0","0","0"
"*03e77*","Edy Tavares","(N/A)","C","","1619","FA","34","","1,000,000","MIN","0","0","0","0","0","0","0","0","0","0"
"*059ws*","BJ Taylor","(N/A)","PG,G","","1620","FA","29","","1,000,000","MIN","0","0","0","0","0","0","0","0","0","0"
"*048yg*","Isaiah Taylor","(N/A)","PG,G","","1621","FA","32","","1,000,000","MIN","0","0","0","0","0","0","0","0","0","0"
"*05qzj*","Marlon Taylor","(N/A)","SG,G","","1622","FA","29","","1,000,000","MIN","0","0","0","0","0","0","0","0","0","0"
"*05uuj*","Terry Taylor","(N/A)","PF,F","","1623","FA","26","","1,000,000","MIN","0","0","0","0","0","0","0","0","0","0"
"*05uux*","MaCio Teague","(N/A)","SG,G","","1624","FA","29","","1,000,000","MIN","0","0","0","0","0","0","0","0","0","0"
"*02nft*","Marquis Teague","(N/A)","PG,G","","1625","FA","33","","1,000,000","MIN","0","0","0","0","0","0","0","0","0","0"
"*06mo4*","Christian Terrell","(N/A)","PG,G","","1626","FA","29","","1,000,000","MIN","0","0","0","0","0","0","0","0","0","0"
"*04xhw*","Jared Terrell","(N/A)","PG,G","","1627","FA","31","","1,000,000","MIN","0","0","0","0","0","0","0","0","0","0"
"*04xk5*","Emanuel Terry","(N/A)","SF,PF,F","","1628","FA","30","","1,000,000","MIN","0","0","0","0","0","0","0","0","0","0"
"*05qth*","Tyrell Terry","(N/A)","PG,G","","1629","FA","25","","1,000,000","MIN","0","0","0","0","0","0","0","0","0","0"
"*05qzo*","Jon Teske","(N/A)","C","","1630","FA","29","","1,000,000","MIN","0","0","0","0","0","0","0","0","0","0"
"*04hoo*","Daniel Theis","(N/A)","C","","1631","FA","34","","1,000,000","MIN","0","0","0","0","0","0","0","0","0","0"
"*0393m*","Adonis Thomas","(N/A)","SF,PF,F","","1632","FA","33","","1,000,000","MIN","0","0","0","0","0","0","0","0","0","0"
"*05qyv*","Brodric Thomas","(N/A)","SG,G","","1633","FA","29","","1,000,000","MIN","0","0","0","0","0","0","0","0","0","0"
"*04qsf*","Khyri Thomas","(N/A)","SG,G","","1634","FA","30","","1,000,000","MIN","0","0","0","0","0","0","0","0","0","0"
"*052q1*","Matt Thomas","(N/A)","SG,G","","1635","FA","32","","1,000,000","MIN","0","0","0","0","0","0","0","0","0","0"
"*07245*","Saint Thomas","(N/A)","SF,PF,F","","1637","FA","23","","1,000,000","MIN","0","0","0","0","0","0","0","0","0","0"
"*027om*","Tristan Thompson","(N/A)","C","","1638","FA","35","","1,000,000","MIN","0","0","0","0","0","0","0","0","0","0"
"*05ujb*","JT Thor","(N/A)","PF,F","","1639","FA","24","","1,000,000","MIN","0","0","0","0","0","0","0","0","0","0"
"*04exb*","Sindarius Thornwell","(N/A)","SG,G","","1641","FA","31","","1,000,000","MIN","0","0","0","0","0","0","0","0","0","0"
"*05qwu*","Killian Tillie","(N/A)","C","","1642","FA","28","","1,000,000","MIN","0","0","0","0","0","0","0","0","0","0"
"*05ya9*","Justin Tillman","(N/A)","SF,F","","1643","FA","30","","1,000,000","MIN","0","0","0","0","0","0","0","0","0","0"
"*05xnb*","Jeremiah Tilmon","(N/A)","C","","1644","FA","27","","1,000,000","MIN","0","0","0","0","0","0","0","0","0","0"
"*05qze*","Tres Tinkle","(N/A)","SF,F","","1645","FA","30","","1,000,000","MIN","0","0","0","0","0","0","0","0","0","0"
"*044te*","Mike Tobey","(N/A)","C","","1646","FA","31","","1,000,000","MIN","0","0","0","0","0","0","0","0","0","0"
"*05uj5*","Isaiah Todd","(N/A)","PF,F","","1647","FA","24","","1,000,000","MIN","0","0","0","0","0","0","0","0","0","0"
"*03l5d*","Yuki Togashi","(N/A)","PG,G","","1648","FA","33","","1,000,000","MIN","0","0","0","0","0","0","0","0","0","0"
"*03r8b*","J.P. Tokoto","(N/A)","SF,F","","1649","FA","32","","1,000,000","MIN","0","0","0","0","0","0","0","0","0","0"
"*06mpg*","Keisei Tominaga","(N/A)","PG,G","","1650","FA","25","","1,000,000","MIN","0","0","0","0","0","0","0","0","0","0"
"*06hn1*","Au'Diese Toney","(N/A)","PG,SG,G","","1651","FA","26","","1,000,000","MIN","0","0","0","0","0","0","0","0","0","0"
"*06v8i*","Alex Toohey","(N/A)","SF,PF,F","","1652","FA","22","","1,000,000","MIN","0","0","0","0","0","0","0","0","0","0"
"*05qz0*","Jake Toolson","(N/A)","SG,G","","1653","FA","30","","1,000,000","MIN","0","0","0","0","0","0","0","0","0","0"
"*059q7*","Juan Toscano-Anderson","(N/A)","SF,F","","1654","FA","33","","1,000,000","MIN","0","0","0","0","0","0","0","0","0","0"
"*03se3*","Axel Toupane","(N/A)","SG,G","","1655","FA","34","","1,000,000","MIN","0","0","0","0","0","0","0","0","0","0"
"*07946*","Trey Townsend","(N/A)","SF,PF,F","","1656","FA","24","","1,000,000","MIN","0","0","0","0","0","0","0","0","0","0"
"*06mme*","Armel Traore","(N/A)","SF,PF,F","","1657","FA","23","","1,500,000","MIN","0","0","0","0","0","0","0","0","0","0"
"*06hpn*","Reid Travis","(N/A)","PF,F","","1658","FA","30","","1,000,000","MIN","0","0","0","0","0","0","0","0","0","0"
"*03wo8*","Travis Trice II","(N/A)","SG,G","","1659","FA","33","","1,000,000","MIN","0","0","0","0","0","0","0","0","0","0"
"*03lgk*","Allonzo Trier","(N/A)","SG,G","","1660","FA","30","","1,000,000","MIN","0","0","0","0","0","0","0","0","0","0"
"*04l9b*","Melo Trimble","(N/A)","PG,G","","1661","FA","31","","1,000,000","MIN","0","0","0","0","0","0","0","0","0","0"
"*05qye*","Jahlil Tripp","(N/A)","SF,PF,F","","1662","FA","28","","1,000,000","MIN","0","0","0","0","0","0","0","0","0","0"
"*06ceu*","Azuolas Tubelis","(N/A)","PF,F","","1663","FA","24","","1,000,000","MIN","0","0","0","0","0","0","0","0","0","0"
"*06mov*","Jordan Tucker","(N/A)","SF,PF,F","","1664","FA","28","","1,000,000","MIN","0","0","0","0","0","0","0","0","0","0"
"*02q81*","P.J. Tucker","(N/A)","SF,F","","1665","FA","41","","1,000,000","MIN","0","0","0","0","0","0","0","0","0","0"
"*059qe*","Rayjon Tucker","(N/A)","SG,G","","1666","FA","28","","1,000,000","MIN","0","0","0","0","0","0","0","0","0","0"
"*06hru*","Ryan Turell","(N/A)","SF,PF,F","","1667","FA","27","","1,000,000","MIN","0","0","0","0","0","0","0","0","0","0"
"*05qxt*","Breein Tyree","(N/A)","PG,SG,G","","1668","FA","28","","1,000,000","MIN","0","0","0","0","0","0","0","0","0","0"
"*076v0*","Ernest Udeh","CLE","C","R","1669","FA","22","","1,000,000","MIN","0","0","0","0","0","0","0","0","0","0"
"*042nu*","Tyler Ulis","(N/A)","PG,G","","1670","FA","30","","1,000,000","MIN","0","0","0","0","0","0","0","0","0","0"
"*03wkm*","Robert Upshaw","(N/A)","C","","1671","FA","32","","1,000,000","MIN","0","0","0","0","0","0","0","0","0","0"
"*04576*","Jarrod Uthoff","(N/A)","SF,PF,F","","1672","FA","33","","1,000,000","MIN","0","0","0","0","0","0","0","0","0","0"
"*042na*","Denzel Valentine","(N/A)","SG,G","","1673","FA","32","","1,000,000","MIN","0","0","0","0","0","0","0","0","0","0"
"*06hi8*","Vincent Valerio-Bodon","(N/A)","SF,PF,F","","1674","FA","25","","1,000,000","MIN","0","0","0","0","0","0","0","0","0","0"
"*064s5*","Chandler Vaudrin","(N/A)","PG,SG,G","","1676","FA","29","","1,000,000","MIN","0","0","0","0","0","0","0","0","0","0"
"*03r7f*","Rashad Vaughn","(N/A)","SG,G,SF,F","","1677","FA","30","","1,000,000","MIN","0","0","0","0","0","0","0","0","0","0"
"*06mo3*","Santiago Vescovi","(N/A)","PG,G","","1679","FA","24","","1,000,000","MIN","0","0","0","0","0","0","0","0","0","0"
"*04exk*","Aleksandar Vezenkov","(N/A)","PF,F","","1680","FA","31","","1,000,000","MIN","0","0","0","0","0","0","0","0","0","0"
"*05rzi*","Luca Vildoza","(N/A)","PG,G","","1681","FA","31","","1,000,000","MIN","0","0","0","0","0","0","0","0","0","0"
"*05r0e*","Christian Vital","(N/A)","SG,G","","1682","FA","29","","1,000,000","MIN","0","0","0","0","0","0","0","0","0","0"
"*03apw*","Noah Vonleh","(N/A)","PF,F,C","","1683","FA","31","","1,000,000","MIN","0","0","0","0","0","0","0","0","0","0"
"*05uue*","Ishmail Wainright","(N/A)","SF,F","","1685","FA","31","","1,000,000","MIN","0","0","0","0","0","0","0","0","0","0"
"*02nf4*","Dion Waiters","(N/A)","SG,G,SF,F","","1686","FA","34","","1,000,000","MIN","0","0","0","0","0","0","0","0","0","0"
"*03wp1*","Corey Walden","(N/A)","PG,G","","1687","FA","34","","1,000,000","MIN","0","0","0","0","0","0","0","0","0","0"
"*06fk6*","Jordan Walker","(N/A)","PG,SG,G","","1688","FA","27","","1,000,000","MIN","0","0","0","0","0","0","0","0","0","0"
"*04qrv*","Lonnie Walker","DEN","SG,G","","1689","FA","27","","1,000,000","MIN","0","0","0","0","0","0","0","0","0","0"
"*05uwr*","M.J. Walker","(N/A)","SG,G","","1690","FA","28","","1,000,000","MIN","0","0","0","0","0","0","0","0","0","0"
"*01sc8*","John Wall","(N/A)","PG,G","","1691","FA","35","","1,000,000","MIN","0","0","0","0","0","0","0","0","0","0"
"*042oj*","Tyrone Wallace","(N/A)","PG,SG,G","","1692","FA","32","","1,000,000","MIN","0","0","0","0","0","0","0","0","0","0"
"*04jw8*","Derrick Walton","(N/A)","PG,G","","1693","FA","31","","1,000,000","MIN","0","0","0","0","0","0","0","0","0","0"
"*06mok*","Tyson Ward","(N/A)","SF,F","","1694","FA","29","","1,000,000","MIN","0","0","0","0","0","0","0","0","0","0"
"*048tg*","Jameel Warney","DAL","SF,F","","1695","FA","32","","1,000,000","MIN","0","0","0","0","0","0","0","0","0","0"
"*03bxn*","T.J. Warren","(N/A)","SF,F","","1696","FA","33","","1,000,000","MIN","0","0","0","0","0","0","0","0","0","0"
"*03xmk*","Julian Washburn","(N/A)","SF,F","","1697","FA","34","","1,000,000","MIN","0","0","0","0","0","0","0","0","0","0"
"*05uuh*","Duane Washington","(N/A)","SG,G","","1698","FA","26","","1,000,000","MIN","0","0","0","0","0","0","0","0","0","0"
"*06qf5*","Warren Washington","(N/A)","SF,PF,F","","1699","FA","26","","1,000,000","MIN","0","0","0","0","0","0","0","0","0","0"
"*04xhy*","Yuta Watanabe","(N/A)","SF,F","","1700","FA","31","","1,000,000","MIN","0","0","0","0","0","0","0","0","0","0"
"*051pv*","Tremont Waters","(N/A)","PG,G","","1701","FA","28","","1,000,000","MIN","0","0","0","0","0","0","0","0","0","0"
"*06mm0*","Anton Watson","(N/A)","SF,F","","1702","FA","25","","1,000,000","MIN","0","0","0","0","0","0","0","0","0","0"
"*05xoa*","Ibi Watson","(N/A)","SG,G","","1703","FA","28","","1,000,000","MIN","0","0","0","0","0","0","0","0","0","0"
"*04xlm*","Paul Watson","(N/A)","SG,G,SF,F","","1704","FA","31","","1,000,000","MIN","0","0","0","0","0","0","0","0","0","0"
"*051pt*","Quinndary Weatherspoon","(N/A)","SG,G","","1705","FA","29","","1,000,000","MIN","0","0","0","0","0","0","0","0","0","0"
"*0484j*","James Webb III","(N/A)","SF,F","","1706","FA","33","","1,000,000","MIN","0","0","0","0","0","0","0","0","0","0"
"*03xlt*","Briante Weber","(N/A)","PG,G","","1707","FA","33","","1,000,000","MIN","0","0","0","0","0","0","0","0","0","0"
"*05xnf*","Romeo Weems","(N/A)","SF,F","","1708","FA","25","","1,000,000","MIN","0","0","0","0","0","0","0","0","0","0"
"*04qsy*","Thomas Welsh","(N/A)","C","","1709","FA","30","","1,000,000","MIN","0","0","0","0","0","0","0","0","0","0"
"*05qzn*","Kaleb Wesson","(N/A)","PF,F,C","","1710","FA","27","","1,000,000","MIN","0","0","0","0","0","0","0","0","0","0"
"*064s7*","Isaiah Whaley","(N/A)","SF,PF,F","","1711","FA","28","","1,000,000","MIN","0","0","0","0","0","0","0","0","0","0"
"*06rur*","Phillip Wheeler","(N/A)","SF,PF,F","","1712","FA","24","","1,000,000","MIN","0","0","0","0","0","0","0","0","0","0"
"*04l1t*","Andrew White","(N/A)","SF,F","","1713","FA","33","","1,000,000","MIN","0","0","0","0","0","0","0","0","0","0"
"*06305*","Fabian White","(N/A)","SF,PF,F","","1714","FA","27","","1,000,000","MIN","0","0","0","0","0","0","0","0","0","0"
"*062sr*","Jack White","(N/A)","SF,F","","1715","FA","29","","1,000,000","MIN","0","0","0","0","0","0","0","0","0","0"
"*043vx*","Okaro White","(N/A)","SF,PF,F","","1716","FA","34","","1,000,000","MIN","0","0","0","0","0","0","0","0","0","0"
"*042o1*","Isaiah Whitehead","(N/A)","PG,SG,G","","1717","FA","31","","1,000,000","MIN","0","0","0","0","0","0","0","0","0","0"
"*05qyt*","Kahlil Whitney","(N/A)","SF,F","","1718","FA","25","","1,000,000","MIN","0","0","0","0","0","0","0","0","0","0"
"*06mo5*","Jimmy Whitt","(N/A)","PG,G","","1719","FA","29","","1,000,000","MIN","0","0","0","0","0","0","0","0","0","0"
"*05qvy*","Greg Whittington","(N/A)","SF,PF,F","","1720","FA","33","","1,000,000","MIN","0","0","0","0","0","0","0","0","0","0"
"*05ujf*","Joe Wieskamp","(N/A)","SF,F","","1721","FA","27","","1,000,000","MIN","0","0","0","0","0","0","0","0","0","0"
"*0590m*","Lindell Wigginton","(N/A)","PG,G","","1722","FA","28","","1,000,000","MIN","0","0","0","0","0","0","0","0","0","0"
"*03sir*","Scottie Wilbekin","(N/A)","PG,G","","1723","FA","33","","1,000,000","MIN","0","0","0","0","0","0","0","0","0","0"
"*04iy9*","Jacob Wiley","(N/A)","PG,G","","1724","FA","32","","1,000,000","MIN","0","0","0","0","0","0","0","0","0","0"
"*03z95*","Alan Williams","(N/A)","PF,F,C","","1725","FA","33","","1,000,000","MIN","0","0","0","0","0","0","0","0","0","0"
"*07242*","Brice Williams","(N/A)","SG,G,SF,PF,F","","1726","FA","25","","1,000,000","MIN","0","0","0","0","0","0","0","0","0","0"
"*0666j*","Bryson Williams","(N/A)","SF,PF,F","","1727","FA","28","","1,000,000","MIN","0","0","0","0","0","0","0","0","0","0"
"*06668*","Donovan Williams","(N/A)","SG,G","","1728","FA","24","","1,000,000","MIN","0","0","0","0","0","0","0","0","0","0"
"*06ps6*","Jaylin Williams","(N/A)","SF,PF,F","","1729","FA","26","","1,000,000","MIN","0","0","0","0","0","0","0","0","0","0"
"*04xgk*","Johnathan Williams","(N/A)","PF,F","","1730","FA","31","","1,000,000","MIN","0","0","0","0","0","0","0","0","0","0"
"*06hqr*","KJ Williams","(N/A)","PF,F","","1731","FA","27","","1,000,000","MIN","0","0","0","0","0","0","0","0","0","0"
"*06l10*","Malik Williams","(N/A)","C","","1732","FA","28","","1,000,000","MIN","0","0","0","0","0","0","0","0","0","0"
"*04jw3*","T.J. Williams","(N/A)","SG,G","","1733","FA","31","","1,000,000","MIN","0","0","0","0","0","0","0","0","0","0"
"*065px*","Trevion Williams","(N/A)","SF,PF,F,C","","1734","FA","25","","1,000,000","MIN","0","0","0","0","0","0","0","0","0","0"
"*045qi*","Troy Williams","(N/A)","SG,G,SF,F","","1735","FA","31","","1,000,000","MIN","0","0","0","0","0","0","0","0","0","0"
"*04exi*","Nigel Williams-Goss","(N/A)","PG,G","","1736","FA","31","","1,000,000","MIN","0","0","0","0","0","0","0","0","0","0"
"*06hre*","Bryce Wills","(N/A)","SG,G","","1737","FA","25","","1,000,000","MIN","0","0","0","0","0","0","0","0","0","0"
"*04ewi*","D.J. Wilson","(N/A)","PF,F","","1739","FA","30","","1,000,000","MIN","0","0","0","0","0","0","0","0","0","0"
"*048yh*","Kyle Wiltjer","(N/A)","PF,F","","1740","FA","33","","1,000,000","MIN","0","0","0","0","0","0","0","0","0","0"
"*051p6*","Dylan Windler","(N/A)","SF,F","","1741","FA","29","","1,000,000","MIN","0","0","0","0","0","0","0","0","0","0"
"*03nwi*","Justise Winslow","(N/A)","SF,F","","1742","FA","30","","1,000,000","MIN","0","0","0","0","0","0","0","0","0","0"
"*05qua*","Cassius Winston","(N/A)","PG,G","","1743","FA","28","","1,000,000","MIN","0","0","0","0","0","0","0","0","0","0"
"*059qd*","Todd Withers","(N/A)","PF,F","","1744","FA","30","","1,000,000","MIN","0","0","0","0","0","0","0","0","0","0"
"*06cd5*","Isaiah Wong","(N/A)","SG,G","","1745","FA","25","","1,000,000","MIN","0","0","0","0","0","0","0","0","0","0"
"*03nwq*","Christian Wood","(N/A)","PF,F","","1746","FA","30","","1,000,000","MIN","0","0","0","0","0","0","0","0","0","0"
"*06ptn*","Moses Wood","(N/A)","SF,PF,F","","1747","FA","27","","1,000,000","MIN","0","0","0","0","0","0","0","0","0","0"
"*05qtw*","Robert Woodard","(N/A)","SG,G,SF,F","","1748","FA","26","","1,000,000","MIN","0","0","0","0","0","0","0","0","0","0"
"*06moq*","Trey Woodbury","(N/A)","PG,SG,G","","1749","FA","26","","1,000,000","MIN","0","0","0","0","0","0","0","0","0","0"
"*059cn*","Kenny Wooten","(N/A)","PF,F","","1750","FA","28","","1,000,000","MIN","0","0","0","0","0","0","0","0","0","0"
"*03r7h*","Delon Wright","(N/A)","PG,SG,G","","1751","FA","34","","1,000,000","MIN","0","0","0","0","0","0","0","0","0","0"
"*05uuw*","McKinley Wright","(N/A)","PG,G","","1752","FA","27","","1,000,000","MIN","0","0","0","0","0","0","0","0","0","0"
"*05wqi*","Moses Wright","(N/A)","PF,F","","1753","FA","27","","1,000,000","MIN","0","0","0","0","0","0","0","0","0","0"
"*051px*","Justin Wright-Foreman","(N/A)","PG,G","","1754","FA","28","","1,000,000","MIN","0","0","0","0","0","0","0","0","0","0"
"*02nfp*","Tony Wroten","(N/A)","PG,SG,G","","1755","FA","33","","1,000,000","MIN","0","0","0","0","0","0","0","0","0","0"
"*04xk6*","Ding Yanyuhang","(N/A)","SF,F","","1756","FA","33","","1,000,000","MIN","0","0","0","0","0","0","0","0","0","0"
"*04w4j*","Gabe York","(N/A)","SG,G","","1757","FA","33","","1,000,000","MIN","0","0","0","0","0","0","0","0","0","0"
"*03aq0*","James Young","(N/A)","SG,G","","1758","FA","31","","1,000,000","MIN","0","0","0","0","0","0","0","0","0","0"
"*03r7x*","Joe Young","(N/A)","PG,SG,G","","1759","FA","34","","1,000,000","MIN","0","0","0","0","0","0","0","0","0","0"
"*03g45*","Patric Young","(N/A)","PF,F","","1760","FA","34","","1,000,000","MIN","0","0","0","0","0","0","0","0","0","0"
"*042nv*","Rade Zagorac","(N/A)","SF,F","","1761","FA","31","","1,000,000","MIN","0","0","0","0","0","0","0","0","0","0"
"*05ujn*","Marcus Zegarowski","(N/A)","PG,SG,G","","1762","FA","28","","1,000,000","MIN","0","0","0","0","0","0","0","0","0","0"
"*04817*","Nick Zeisloft","(N/A)","PG,G","","1763","FA","33","","1,000,000","MIN","0","0","0","0","0","0","0","0","0","0"
"*031lr*","Cody Zeller","(N/A)","C","","1764","FA","33","","1,000,000","MIN","0","0","0","0","0","0","0","0","0","0"
"*070te*","Fanbo Zeng","(N/A)","SF,PF,F","","1765","FA","23","","1,000,000","MIN","0","0","0","0","0","0","0","0","0","0"
"*042og*","Wang Zhelin","(N/A)","C","","1766","FA","32","","1,000,000","MIN","0","0","0","0","0","0","0","0","0","0"
"*042o0*","Stephen Zimmerman Jr.","(N/A)","PF,F,C","","1767","FA","29","","1,000,000","MIN","0","0","0","0","0","0","0","0","0","0"
"*042o7*","Paul Zipser","(N/A)","SF,PF,F","","1768","FA","32","","1,000,000","MIN","0","0","0","0","0","0","0","0","0","0"
"*042ni*","Ante Zizic","(N/A)","C","","1769","FA","29","","1,000,000","MIN","0","0","0","0","0","0","0","0","0","0"
